Time,Symbol,Side,Quantity,Price,Value,P&L,Z-Score
2025-05-21 04:56:08,HD,BUY,1562,320.00,499840.00,,-1.0228
2025-05-21 04:56:08,LOW,BUY,2503,199.70,499849.10,,-1.0228
2025-05-21 04:56:08,HD,BUY,1559,320.54,499721.86,,-1.0228
2025-05-21 04:56:08,LOW,BUY,2500,200.00,500000.00,,-1.0228
2025-05-21 04:56:08,HD,BUY,934,321.22,300019.48,,1.1590
2025-05-21 04:56:08,LOW,SELL,5003,200.45,1002851.35,3002.25,1.1590
2025-05-21 04:56:08,HD,SELL,4055,321.22,1302547.10,2965.76,-0.6114
2025-05-21 04:56:08,LOW,BUY,1847,200.45,370231.15,,-0.6114
2025-05-21 04:56:08,LOW,BUY,2310,200.62,463432.20,,0.8165
2025-05-21 04:56:08,HD,BUY,1442,321.47,463559.74,,0.8165
2025-05-21 04:56:08,LOW,SELL,1847,200.62,370545.14,139.51,0.8165
2025-05-21 04:56:08,LOW,BUY,2312,200.48,463509.76,,0.8165
2025-05-21 04:56:08,LOW,BUY,2308,200.77,463377.16,,0.8165
2025-05-21 04:56:08,HD,BUY,1441,321.51,463295.91,,0.8165
2025-05-21 04:56:08,LOW,SELL,1847,200.59,370489.73,-14.91,0.8165
2025-05-21 04:56:08,HD,BUY,1441,321.55,463353.55,,0.8165
2025-05-21 04:56:08,LOW,SELL,1847,200.77,370822.19,317.55,0.8165
2025-05-21 04:56:08,LOW,BUY,2310,200.67,463547.70,,0.8165
2025-05-21 04:56:08,HD,BUY,1441,321.70,463569.70,,0.8165
2025-05-21 04:56:08,LOW,SELL,1847,200.67,370637.49,77.52,0.8165
2025-05-21 04:56:08,HD,BUY,1442,321.41,463473.22,,0.8165
2025-05-21 04:56:08,LOW,SELL,1847,200.71,370711.37,151.40,0.8165
2025-05-21 04:56:08,LOW,BUY,2309,200.71,463439.39,,0.8165
2025-05-21 04:56:08,HD,BUY,1441,321.52,463310.32,,0.8165
2025-05-21 04:56:08,LOW,SELL,1847,200.80,370877.60,233.61,0.8165
2025-05-21 04:56:08,LOW,BUY,2307,200.88,463430.16,,0.8165
2025-05-21 04:56:08,LOW,BUY,2308,200.81,463469.48,,0.8165
2025-05-21 04:56:08,HD,BUY,1442,321.31,463329.02,,0.8165
2025-05-21 04:56:08,LOW,SELL,1847,200.88,371025.36,170.43,0.8165
2025-05-21 04:56:08,LOW,BUY,2307,200.87,463407.09,,0.8165
2025-05-21 04:56:08,LOW,SELL,1847,200.87,371006.89,104.51,0.8165
2025-05-21 04:56:08,HD,BUY,1444,321.03,463567.32,,0.8165
2025-05-21 04:56:08,LOW,SELL,1847,200.95,371154.65,252.27,0.8165
2025-05-21 04:56:08,LOW,BUY,2306,200.95,463390.70,,0.8165
2025-05-21 04:56:08,LOW,SELL,1847,201.15,371514.82,515.50,0.8165
2025-05-21 04:56:08,LOW,BUY,2304,201.13,463403.52,,0.8165
2025-05-21 04:56:08,LOW,SELL,1847,200.89,371043.83,-129.52,0.8165
2025-05-21 04:56:08,LOW,SELL,1847,200.66,370619.02,-554.33,0.8165
2025-05-21 04:56:08,LOW,BUY,2310,200.66,463524.60,,0.8165
2025-05-21 04:56:08,LOW,SELL,1847,200.66,370619.02,-301.96,0.8165
2025-05-21 04:56:08,HD,BUY,1444,320.92,463408.48,,0.8165
2025-05-21 04:56:08,LOW,SELL,1847,200.53,370378.91,-542.07,0.8165
2025-05-21 04:56:08,LOW,BUY,2312,200.49,463532.88,,0.8165
2025-05-21 04:56:08,LOW,SELL,1847,200.42,370175.74,-359.52,0.8165
2025-05-21 04:56:08,LOW,BUY,2313,200.35,463409.55,,0.8165
2025-05-21 04:56:08,LOW,SELL,1847,200.32,369991.04,-272.31,0.8165
2025-05-21 04:56:08,LOW,SELL,1847,200.72,370729.84,466.49,0.8165
2025-05-21 04:56:08,LOW,BUY,2312,200.49,463532.88,,0.8165
2025-05-21 04:56:08,LOW,SELL,1847,200.58,370471.26,173.20,0.8165
2025-05-21 04:56:08,LOW,BUY,2311,200.57,463528.82,,0.8165
2025-05-21 04:56:08,LOW,SELL,1847,200.31,369963.34,-451.68,0.8165
2025-05-21 04:56:08,LOW,BUY,2317,200.07,463562.19,,0.8165
2025-05-21 04:56:08,LOW,SELL,1847,200.20,369769.40,-92.45,0.8165
2025-05-21 04:56:08,LOW,SELL,1847,200.16,369695.52,-166.33,0.8165
2025-05-21 04:56:08,LOW,BUY,2316,200.08,463385.28,,0.8165
2025-05-21 04:56:08,LOW,SELL,1847,200.07,369529.29,-20.63,0.8165
2025-05-21 04:56:08,LOW,BUY,2317,200.00,463400.00,,0.8165
2025-05-21 04:56:08,LOW,SELL,1847,200.10,369584.70,158.75,0.8165
2025-05-21 04:56:08,LOW,BUY,2317,200.00,463400.00,,0.8165
2025-05-21 04:56:08,LOW,SELL,1847,199.99,369381.53,-26.04,0.8165
2025-05-21 04:56:08,HD,BUY,1445,320.76,463498.20,,0.8165
2025-05-21 04:56:08,LOW,SELL,1425,200.10,285142.50,136.66,0.8165
2025-05-21 04:56:08,AMD,BUY,432,85.89,37104.48,,0.2673
2025-05-21 04:56:08,NVDA,BUY,59,619.89,36573.51,,0.2673
2025-05-21 04:56:08,AMD,BUY,432,85.89,37104.48,,0.2673
2025-05-21 04:56:08,NVDA,BUY,59,620.25,36594.75,,0.2673
2025-05-21 04:56:08,NVDA,BUY,59,620.08,36584.72,,0.2673
2025-05-21 04:56:08,AMD,BUY,432,85.89,37104.48,,0.2673
2025-05-21 04:56:08,NVDA,BUY,59,620.00,36580.00,,0.2673
2025-05-21 04:56:08,AMD,BUY,432,85.89,37104.48,,0.2673
2025-05-21 04:56:08,AMD,BUY,432,85.89,37104.48,,0.2673
2025-05-21 04:56:08,NVDA,BUY,59,620.99,36638.41,,0.2673
2025-05-21 04:56:08,AMD,BUY,3,86.29,258.87,,-1.7500
2025-05-21 04:56:08,NVDA,SELL,295,625.47,184513.65,1542.26,-1.7500
2025-05-21 04:56:08,AMD,SELL,2160,86.29,186386.40,862.80,-1.7500
2025-05-21 04:56:08,AMD,BUY,3,86.29,258.87,,-1.7500
2025-05-21 04:56:08,AMD,BUY,3,86.30,258.90,,-1.7500
2025-05-21 04:56:08,AMD,SELL,9,86.32,776.88,1.44,-1.7500
2025-05-21 04:56:08,AMD,BUY,3,86.32,258.96,,-1.7500
2025-05-21 04:56:08,AMD,BUY,3,86.32,258.96,,-1.7500
2025-05-21 04:56:08,AMD,SELL,6,86.33,517.98,0.06,-1.7500
2025-05-21 04:56:08,AMD,BUY,3,86.33,258.99,,-1.7500
2025-05-21 04:56:08,AMD,SELL,3,86.34,259.02,0.03,-1.7500
2025-05-21 04:56:08,AMD,BUY,3,86.30,258.90,,-1.7500
2025-05-21 04:56:08,AMD,SELL,3,86.31,258.93,0.03,-1.7500
2025-05-21 04:56:08,AMD,BUY,3,86.37,259.11,,-1.7500
2025-05-21 04:56:08,AMD,BUY,3,86.34,259.02,,-1.7500
2025-05-21 04:56:08,AMD,SELL,6,86.35,518.10,-0.03,-1.7500
2025-05-21 04:56:08,AMD,BUY,3,86.35,259.05,,-1.7500
2025-05-21 04:56:08,AMD,SELL,3,86.35,259.05,0.00,-1.7500
2025-05-21 04:56:08,AMD,BUY,3,86.35,259.05,,-1.7500
2025-05-21 04:56:08,AMD,BUY,3,86.33,258.99,,-1.7500
2025-05-21 04:56:08,AMD,SELL,6,86.32,517.92,-0.12,-1.7500
2025-05-21 04:56:08,AMD,BUY,3,86.34,259.02,,-1.7500
2025-05-21 04:56:08,AMD,SELL,3,86.35,259.05,0.03,-1.7500
2025-05-21 04:56:08,AMD,BUY,3,86.30,258.90,,-1.7500
2025-05-21 04:56:08,AMD,BUY,3,86.30,258.90,,-1.7500
2025-05-21 04:56:08,AMD,SELL,6,86.31,517.86,0.06,-1.7500
2025-05-21 04:56:08,AMD,BUY,3,86.31,258.93,,-1.7500
2025-05-21 04:56:08,AMD,SELL,3,86.32,258.96,0.03,-1.7500
2025-05-21 04:56:08,AMD,BUY,3,86.29,258.87,,-1.7500
2025-05-21 04:56:08,AMD,SELL,3,86.28,258.84,-0.03,-1.7500
2025-05-21 04:56:08,AMD,BUY,3,86.28,258.84,,-1.7500
2025-05-21 04:56:08,AMD,BUY,3,86.27,258.81,,-1.7500
2025-05-21 04:56:08,AMD,SELL,6,86.30,517.80,0.15,-1.7500
2025-05-21 04:56:08,AMD,BUY,3,86.36,259.08,,-1.7500
2025-05-21 04:56:08,AMD,SELL,3,86.36,259.08,0.00,-1.7500
2025-05-21 04:56:08,AMD,BUY,3,86.35,259.05,,-1.7500
2025-05-21 04:56:08,AMD,SELL,3,86.35,259.05,0.00,-1.7500
2025-05-21 04:56:08,AMD,BUY,3,86.35,259.05,,-1.7500
2025-05-21 04:56:08,AMD,SELL,3,86.35,259.05,0.00,-1.7500
2025-05-21 04:56:08,AMD,BUY,3,86.33,258.99,,-1.7500
2025-05-21 04:56:08,AMD,BUY,3,86.31,258.93,,-1.7500
2025-05-21 04:56:08,AMD,SELL,6,86.31,517.86,-0.06,-1.7500
2025-05-21 04:56:08,AMD,BUY,3,86.31,258.93,,-1.7500
2025-05-21 04:56:08,AMD,SELL,3,86.32,258.96,0.03,-1.7500
2025-05-21 04:56:08,AMD,BUY,3,86.30,258.90,,-1.7500
2025-05-21 04:56:08,AMD,BUY,3,86.29,258.87,,-1.7500
2025-05-21 04:56:08,AMD,SELL,6,86.30,517.80,0.03,-1.7500
2025-05-21 04:56:08,AMD,BUY,3,86.31,258.93,,-1.7500
2025-05-21 04:56:08,AMD,SELL,3,86.32,258.96,0.03,-1.7500
2025-05-21 04:56:08,AMD,BUY,3,86.34,259.02,,-1.7500
2025-05-21 04:56:08,AMD,BUY,3,86.32,258.96,,-1.7500
2025-05-21 04:56:08,AMD,SELL,6,86.33,517.98,0.00,-1.7500
2025-05-21 04:56:08,AMD,BUY,3,86.37,259.11,,-1.7500
2025-05-21 04:56:08,AMD,SELL,3,86.37,259.11,0.00,-1.7500
2025-05-21 04:56:08,AMD,BUY,3,86.40,259.20,,-1.7500
2025-05-21 04:56:08,AMD,SELL,3,86.39,259.17,-0.03,-1.7500
2025-05-21 04:56:08,AMD,BUY,3,86.46,259.38,,-1.7500
2025-05-21 04:56:08,AMD,SELL,3,86.40,259.20,-0.18,-1.7500
2025-05-21 04:56:08,AMD,BUY,3,86.40,259.20,,-1.7500
2025-05-21 04:56:08,AMD,SELL,3,86.40,259.20,-0.00,-1.7500
2025-05-21 04:56:08,AMD,BUY,3,86.40,259.20,,-1.7500
2025-05-21 04:56:08,AMD,BUY,3,86.42,259.26,,-1.7500
2025-05-21 04:56:08,AMD,SELL,6,86.42,518.52,0.06,-1.7500
2025-05-21 04:56:08,AMD,BUY,3,86.50,259.50,,-1.7500
2025-05-21 04:56:08,AMD,BUY,3,86.50,259.50,,-1.7500
2025-05-21 04:56:08,AMD,SELL,6,86.50,519.00,0.00,-1.7500
2025-05-21 04:56:08,AMD,BUY,3,86.48,259.44,,-1.7500
2025-05-21 04:56:08,AMD,SELL,3,86.48,259.44,0.00,-1.7500
2025-05-21 04:56:08,AMD,BUY,3,86.45,259.35,,-1.7500
2025-05-21 04:56:08,AMD,SELL,3,86.44,259.32,-0.03,-1.7500
2025-05-21 04:56:08,AMD,BUY,3,86.39,259.17,,-1.7500
2025-05-21 04:56:08,AMD,SELL,3,86.40,259.20,0.03,-1.7500
2025-05-21 04:56:08,AMD,BUY,3,86.44,259.32,,-1.7500
2025-05-21 04:56:08,AMD,BUY,3,86.50,259.50,,-1.7500
2025-05-21 04:56:08,AMD,SELL,6,86.50,519.00,0.18,-1.7500
2025-05-21 04:56:08,AMD,BUY,3,86.47,259.41,,-1.7500
2025-05-21 04:56:08,AMD,BUY,3,86.46,259.38,,-1.7500
2025-05-21 04:56:08,AMD,BUY,3,86.46,259.38,,-1.7500
2025-05-21 04:56:08,AMD,SELL,9,86.46,778.14,-0.03,-1.7500
2025-05-21 04:56:08,AMD,BUY,3,86.46,259.38,,-1.7500
2025-05-21 04:56:08,AMD,SELL,3,86.46,259.38,0.00,-1.7500
2025-05-21 04:56:08,AMD,BUY,3,86.46,259.38,,-1.7500
2025-05-21 04:56:08,AMD,SELL,3,86.46,259.38,0.00,-1.7500
2025-05-21 04:56:08,AMD,BUY,3,86.46,259.38,,-1.7500
2025-05-21 04:56:08,AMD,SELL,3,86.37,259.11,-0.27,-1.7500
2025-05-21 04:56:08,AMD,BUY,3,86.37,259.11,,-1.7500
2025-05-21 04:56:08,AMD,SELL,3,86.42,259.26,0.15,-1.7500
2025-05-21 04:56:08,AMD,BUY,3,86.41,259.23,,-1.7500
2025-05-21 04:56:08,AMD,BUY,3,86.43,259.29,,-1.7500
2025-05-21 04:56:08,AMD,SELL,6,86.42,518.52,0.00,-1.7500
2025-05-21 04:56:08,AMD,BUY,3,86.42,259.26,,-1.7500
2025-05-21 04:56:08,AMD,SELL,3,86.42,259.26,0.00,-1.7500
2025-05-21 04:56:08,AMD,BUY,3,86.34,259.02,,-1.7500
2025-05-21 04:56:08,AMD,SELL,3,86.34,259.02,0.00,-1.7500
2025-05-21 04:56:08,AMD,BUY,3,86.35,259.05,,-1.7500
2025-05-21 04:56:08,AMD,BUY,3,86.35,259.05,,-1.7500
2025-05-21 04:56:08,AMD,SELL,6,86.36,518.16,0.06,-1.7500
2025-05-21 04:56:08,AMD,BUY,3,86.37,259.11,,-1.7500
2025-05-21 04:56:08,AMD,SELL,3,86.35,259.05,-0.06,-1.7500
2025-05-21 04:56:08,AMD,BUY,3,86.33,258.99,,-1.7500
2025-05-21 04:56:08,AMD,SELL,3,86.33,258.99,0.00,-1.7500
2025-05-21 04:56:08,AMD,BUY,3,86.33,258.99,,-1.7500
2025-05-21 04:56:08,AMD,SELL,3,86.33,258.99,0.00,-1.7500
2025-05-21 04:56:08,AMD,BUY,3,86.48,259.44,,-1.7500
2025-05-21 04:56:08,AMD,SELL,3,86.52,259.56,0.12,-1.7500
2025-05-21 04:56:08,AMD,BUY,3,86.51,259.53,,-1.7500
2025-05-21 04:56:08,AMD,BUY,3,86.60,259.80,,-1.7500
2025-05-21 04:56:08,AMD,SELL,6,86.61,519.66,0.33,-1.7500
2025-05-21 04:56:08,AMD,BUY,3,86.57,259.71,,-1.7500
2025-05-21 04:56:08,AMD,SELL,3,86.59,259.77,0.06,-1.7500
2025-05-21 04:56:08,AMD,BUY,3,86.61,259.83,,-1.7500
2025-05-21 04:56:08,AMD,BUY,3,86.58,259.74,,-1.7500
2025-05-21 04:56:08,AMD,SELL,6,86.59,519.54,-0.03,-1.7500
2025-05-21 04:56:08,AMD,BUY,3,86.63,259.89,,-1.7500
2025-05-21 04:56:08,AMD,SELL,3,86.65,259.95,0.06,-1.7500
2025-05-21 04:56:08,AMD,BUY,3,86.70,260.12,,-1.7500
2025-05-21 04:56:08,AMD,BUY,3,86.76,260.28,,-1.7500
2025-05-21 04:56:08,AMD,SELL,6,86.76,520.56,0.17,-1.7500
2025-05-21 04:56:08,AMD,BUY,3,86.78,260.34,,-1.7500
2025-05-21 04:56:08,AMD,BUY,3,86.75,260.25,,-1.7500
2025-05-21 04:56:08,AMD,SELL,6,86.73,520.38,-0.21,-1.7500
2025-05-21 04:56:08,AMD,BUY,3,86.72,260.16,,-1.7500
2025-05-21 04:56:08,AMD,SELL,3,86.71,260.13,-0.03,-1.7500
2025-05-21 04:56:08,AMD,BUY,3,86.84,260.52,,-1.7500
2025-05-21 04:56:08,AMD,SELL,3,86.85,260.55,0.03,-1.7500
2025-05-21 04:56:08,AMD,BUY,3,86.95,260.85,,-1.7500
2025-05-21 04:56:08,AMD,SELL,3,86.95,260.85,0.00,-1.7500
2025-05-21 04:56:08,AMD,BUY,3,86.96,260.88,,-1.7500
2025-05-21 04:56:08,AMD,BUY,3,86.98,260.94,,-1.7500
2025-05-21 04:56:08,AMD,SELL,6,86.98,521.88,0.06,-1.7500
2025-05-21 04:56:08,AMD,BUY,3,86.89,260.67,,-1.7500
2025-05-21 04:56:08,AMD,SELL,3,86.95,260.85,0.18,-1.7500
2025-05-21 04:56:08,AMD,BUY,3,86.96,260.88,,-1.7500
2025-05-21 04:56:08,AMD,SELL,3,87.07,261.21,0.33,-1.7500
2025-05-21 04:56:08,AMD,BUY,3,87.09,261.27,,-1.7500
2025-05-21 04:56:08,AMD,SELL,3,87.12,261.36,0.09,-1.7500
2025-05-21 04:56:08,AMD,BUY,3,87.12,261.36,,-1.7500
2025-05-21 04:56:08,AMD,SELL,3,87.08,261.24,-0.12,-1.7500
2025-05-21 04:56:08,AMD,BUY,3,87.07,261.21,,-1.7500
2025-05-21 04:56:08,AMD,SELL,3,87.00,261.00,-0.21,-1.7500
2025-05-21 04:56:08,AMD,BUY,3,86.99,260.97,,-1.7500
2025-05-21 04:56:08,AMD,SELL,3,86.96,260.88,-0.09,-1.7500
2025-05-21 04:56:08,AMD,BUY,3,86.94,260.82,,-1.7500
2025-05-21 04:56:08,AMD,BUY,3,86.93,260.79,,-1.7500
2025-05-21 04:56:08,AMD,SELL,6,86.94,521.64,0.03,-1.7500
2025-05-21 04:56:08,AMD,BUY,3,86.91,260.73,,-1.7500
2025-05-21 04:56:08,AMD,SELL,3,86.91,260.72,-0.02,-1.7500
2025-05-21 04:56:08,AMD,BUY,3,86.94,260.82,,-1.7500
2025-05-21 04:56:08,AMD,BUY,3,86.91,260.73,,-1.7500
2025-05-21 04:56:08,AMD,SELL,6,86.90,521.40,-0.15,-1.7500
2025-05-21 04:56:08,AMD,BUY,3,86.89,260.67,,-1.7500
2025-05-21 04:56:08,AMD,SELL,3,86.88,260.64,-0.03,-1.7500
2025-05-21 04:56:08,AMD,BUY,3,86.88,260.62,,-1.7500
2025-05-21 04:56:08,AMD,SELL,3,86.88,260.64,0.01,-1.7500
2025-05-21 04:56:08,AMD,BUY,3,86.88,260.64,,-1.7500
2025-05-21 04:56:08,AMD,SELL,3,86.89,260.67,0.03,-1.7500
2025-05-21 04:56:08,AMD,BUY,3,86.83,260.49,,-1.7500
2025-05-21 04:56:08,AMD,BUY,3,86.83,260.50,,-1.7500
2025-05-21 04:56:08,AMD,SELL,6,86.83,520.98,-0.01,-1.7500
2025-05-21 04:56:08,AMD,BUY,3,86.84,260.53,,-1.7500
2025-05-21 04:56:08,AMD,SELL,3,86.86,260.58,0.05,-1.7500
2025-05-21 04:56:08,AMD,BUY,3,86.83,260.49,,-1.7500
2025-05-21 04:56:08,AMD,SELL,3,86.79,260.37,-0.12,-1.7500
2025-05-21 04:56:08,AMD,BUY,3,86.78,260.34,,-1.7500
2025-05-21 04:56:08,AMD,SELL,3,86.76,260.28,-0.06,-1.7500
2025-05-21 04:56:08,AMD,BUY,3,86.77,260.31,,-1.7500
2025-05-21 04:56:08,AMD,SELL,3,86.77,260.31,0.00,-1.7500
2025-05-21 04:56:08,AMD,BUY,3,86.77,260.30,,-1.7500
2025-05-21 04:56:08,AMD,BUY,3,86.76,260.28,,-1.7500
2025-05-21 04:56:08,AMD,SELL,6,86.77,520.62,0.04,-1.7500
2025-05-21 04:56:08,AMD,BUY,3,86.70,260.10,,-1.7500
2025-05-21 04:56:08,AMD,SELL,3,86.68,260.04,-0.06,-1.7500
2025-05-21 04:56:08,AMD,BUY,3,86.67,260.01,,-1.7500
2025-05-21 04:56:08,AMD,SELL,3,86.66,259.98,-0.03,-1.7500
2025-05-21 04:56:08,AMD,BUY,3,86.62,259.86,,-1.7500
2025-05-21 04:56:08,AMD,SELL,3,86.60,259.80,-0.06,-1.7500
2025-05-21 04:56:08,AMD,BUY,3,86.59,259.77,,-1.7500
2025-05-21 04:56:08,AMD,SELL,3,86.65,259.95,0.18,-1.7500
2025-05-21 04:56:08,AMD,BUY,3,86.63,259.89,,-1.7500
2025-05-21 04:56:08,AMD,SELL,3,86.53,259.59,-0.30,-1.7500
2025-05-21 04:56:08,AMD,BUY,3,86.54,259.62,,-1.7500
2025-05-21 04:56:08,AMD,BUY,3,86.53,259.59,,-1.7500
2025-05-21 04:56:08,AMD,SELL,6,86.52,519.12,-0.09,-1.7500
2025-05-21 04:56:08,AMD,BUY,3,86.49,259.47,,-1.7500
2025-05-21 04:56:08,AMD,SELL,3,86.50,259.50,0.03,-1.7500
2025-05-21 04:56:08,AMD,BUY,3,86.48,259.44,,-1.7500
2025-05-21 04:56:08,AMD,SELL,3,86.47,259.41,-0.03,-1.7500
2025-05-21 04:56:08,AMD,BUY,3,86.45,259.35,,-1.7500
2025-05-21 04:56:08,AMD,SELL,3,86.40,259.20,-0.15,-1.7500
2025-05-21 04:56:08,AMD,BUY,3,86.46,259.38,,-1.7500
2025-05-21 04:56:08,AMD,SELL,3,86.48,259.44,0.06,-1.7500
2025-05-21 04:56:08,AMD,BUY,3,86.49,259.47,,-1.7500
2025-05-21 04:56:08,AMD,BUY,3,86.44,259.32,,-1.7500
2025-05-21 04:56:08,AMD,SELL,6,86.42,518.52,-0.27,-1.7500
2025-05-21 04:56:08,AMD,BUY,3,86.40,259.20,,-1.7500
2025-05-21 04:56:08,AMD,SELL,3,86.39,259.17,-0.03,-1.7500
2025-05-21 04:56:08,AMD,BUY,3,86.41,259.23,,-1.7500
2025-05-21 04:56:08,AMD,SELL,3,86.42,259.26,0.03,-1.7500
2025-05-21 04:56:08,AMD,BUY,3,86.46,259.38,,-1.7500
2025-05-21 04:56:08,AMD,SELL,3,86.48,259.44,0.06,-1.7500
2025-05-21 04:56:08,AMD,BUY,3,86.51,259.53,,-1.7500
2025-05-21 04:56:08,AMD,SELL,3,86.50,259.50,-0.03,-1.7500
2025-05-21 04:56:08,AMD,BUY,3,86.52,259.56,,-1.7500
2025-05-21 04:56:08,AMD,BUY,3,86.37,259.11,,-1.7500
2025-05-21 04:56:08,AMD,SELL,6,86.36,518.16,-0.51,-1.7500
2025-05-21 04:56:08,AMD,BUY,3,86.37,259.11,,-1.7500
2025-05-21 04:56:08,AMD,BUY,3,86.38,259.14,,-1.7500
2025-05-21 04:56:08,AMD,SELL,6,86.39,518.34,0.09,-1.7500
2025-05-21 04:56:08,AMD,BUY,3,86.44,259.32,,-1.7500
2025-05-21 04:56:08,AMD,BUY,3,86.38,259.14,,-1.7500
2025-05-21 04:56:08,AMD,SELL,6,86.39,518.34,-0.12,-1.7500
2025-05-21 04:56:08,AMD,BUY,3,86.40,259.20,,-1.7500
2025-05-21 04:56:08,AMD,SELL,3,86.39,259.17,-0.03,-1.7500
2025-05-21 04:56:08,AMD,BUY,3,86.33,258.99,,-1.7500
2025-05-21 04:56:08,AMD,BUY,3,86.32,258.96,,-1.7500
2025-05-21 04:56:08,AMD,SELL,6,86.32,517.92,-0.03,-1.7500
2025-05-21 04:56:08,AMD,BUY,3,86.36,259.08,,-1.7500
2025-05-21 04:56:08,AMD,BUY,3,86.35,259.05,,-1.7500
2025-05-21 04:56:08,AMD,SELL,6,86.34,518.04,-0.09,-1.7500
2025-05-21 04:56:08,AMD,BUY,3,86.36,259.08,,-1.7500
2025-05-21 04:56:08,AMD,SELL,3,86.37,259.11,0.03,-1.7500
2025-05-21 04:56:08,AMD,BUY,3,86.38,259.14,,-1.7500
2025-05-21 04:56:08,AMD,SELL,3,86.48,259.44,0.30,-1.7500
2025-05-21 04:56:08,AMD,BUY,3,86.50,259.50,,-1.7500
2025-05-21 04:56:08,AMD,BUY,3,86.46,259.38,,-1.7500
2025-05-21 04:56:08,AMD,SELL,6,86.44,518.64,-0.24,-1.7500
2025-05-21 04:56:08,AMD,BUY,3,86.38,259.14,,-1.7500
2025-05-21 04:56:08,AMD,SELL,3,86.37,259.11,-0.03,-1.7500
2025-05-21 04:56:08,LLY,BUY,1,178.00,178.00,,1.6144
2025-05-21 04:56:08,ABBV,BUY,2,111.38,222.76,,1.6144
2025-05-21 04:56:08,ABBV,BUY,2,111.36,222.72,,1.6144
2025-05-21 04:56:08,LLY,BUY,1,182.85,182.85,,1.6144
2025-05-21 04:56:08,ABBV,BUY,2,111.36,222.72,,1.6144
2025-05-21 04:56:08,LLY,BUY,1,183.88,183.88,,1.6144
2025-05-21 04:56:08,LLY,BUY,1,179.61,179.61,,1.6144
2025-05-21 04:56:08,ABBV,BUY,2,111.28,222.56,,1.6144
2025-05-21 04:56:08,LLY,BUY,1,179.21,179.21,,1.6144
2025-05-21 04:56:08,ABBV,BUY,2,111.24,222.48,,1.6144
2025-05-21 04:56:08,LLY,BUY,1,178.80,178.80,,1.6144
2025-05-21 04:56:08,ABBV,BUY,2,111.40,222.80,,1.6144
2025-05-21 04:56:08,LLY,BUY,1,179.21,179.21,,1.6144
2025-05-21 04:56:08,ABBV,BUY,2,111.31,222.62,,1.6144
2025-05-21 04:56:08,LLY,BUY,1,179.21,179.21,,1.6144
2025-05-21 04:56:08,ABBV,BUY,2,111.27,222.54,,1.6144
2025-05-21 04:56:08,ABBV,BUY,2,111.18,222.36,,1.6144
2025-05-21 04:56:08,LLY,BUY,1,180.00,180.00,,1.6144
2025-05-21 04:56:08,LLY,BUY,1,179.80,179.80,,1.6144
2025-05-21 04:56:08,ABBV,BUY,2,111.16,222.32,,1.6144
2025-05-21 04:56:08,LLY,BUY,1,179.55,179.55,,1.6144
2025-05-21 04:56:08,ABBV,BUY,2,111.18,222.36,,1.6144
2025-05-21 04:56:08,LLY,BUY,1,179.64,179.64,,1.6144
2025-05-21 04:56:08,ABBV,BUY,2,111.11,222.22,,1.6144
2025-05-21 04:56:08,LLY,BUY,1,179.74,179.74,,1.6144
2025-05-21 04:56:08,ABBV,BUY,2,111.11,222.22,,1.6144
2025-05-21 04:56:08,LLY,BUY,1,179.60,179.60,,1.6144
2025-05-21 04:56:08,AMD,BUY,3,86.49,259.47,,-1.7500
2025-05-21 04:56:08,AMD,SELL,3,86.53,259.59,0.12,-1.7500
2025-05-21 04:56:08,AMD,BUY,3,86.56,259.68,,-1.7500
2025-05-21 04:56:08,AMD,SELL,3,86.55,259.65,-0.03,-1.7500
2025-05-21 04:56:08,AMD,BUY,3,86.54,259.62,,-1.7500
2025-05-21 04:56:08,AMD,SELL,3,86.57,259.71,0.09,-1.7500
2025-05-21 04:56:08,AMD,BUY,3,86.58,259.74,,-1.7500
2025-05-21 04:56:08,AMD,BUY,3,86.58,259.74,,-1.7500
2025-05-21 04:56:08,AMD,SELL,6,86.59,519.54,0.06,-1.7500
2025-05-21 04:56:08,ABBV,BUY,2,111.11,222.22,,1.6144
2025-05-21 04:56:08,LLY,BUY,1,179.56,179.56,,1.6144
2025-05-21 04:56:08,ABBV,BUY,2,111.11,222.22,,1.6144
2025-05-21 04:56:08,LLY,BUY,1,179.65,179.65,,1.6144
2025-05-21 04:56:08,ABBV,BUY,2,111.17,222.34,,1.6144
2025-05-21 04:56:08,LLY,BUY,1,180.10,180.10,,1.6144
2025-05-21 04:56:08,ABBV,BUY,2,111.14,222.28,,1.6144
2025-05-21 04:56:08,LLY,BUY,1,180.10,180.10,,1.6144
2025-05-21 04:56:08,ABBV,BUY,2,111.18,222.36,,1.6144
2025-05-21 04:56:08,ABBV,BUY,2,111.08,222.16,,1.6144
2025-05-21 04:56:08,LLY,BUY,1,180.10,180.10,,1.6144
2025-05-21 04:56:08,AMD,BUY,3,86.64,259.92,,-1.7500
2025-05-21 04:56:08,ABBV,BUY,2,111.07,222.14,,1.6144
2025-05-21 04:56:08,LLY,BUY,1,180.00,180.00,,1.6144
2025-05-21 04:56:08,LLY,BUY,1,180.02,180.02,,1.6144
2025-05-21 04:56:08,ABBV,BUY,2,111.04,222.08,,1.6144
2025-05-21 04:56:08,ABBV,BUY,2,111.04,222.08,,1.6144
2025-05-21 04:56:08,LLY,BUY,1,180.40,180.40,,1.6144
2025-05-21 04:56:08,LLY,BUY,1,180.02,180.02,,1.6144
2025-05-21 04:56:08,ABBV,BUY,2,111.01,222.02,,1.6144
2025-05-21 04:56:08,AMD,BUY,3,86.56,259.68,,-1.7500
2025-05-21 04:56:08,AMD,SELL,6,86.55,519.30,-0.30,-1.7500
2025-05-21 04:56:08,AMD,BUY,3,86.61,259.83,,-1.7500
2025-05-21 04:56:08,LLY,BUY,1,180.02,180.02,,1.6144
2025-05-21 04:56:08,ABBV,BUY,2,110.99,221.98,,1.6144
2025-05-21 04:56:08,LLY,BUY,1,181.26,181.26,,1.6144
2025-05-21 04:56:08,LLY,BUY,1,180.81,180.81,,1.6144
2025-05-21 04:56:08,ABBV,BUY,2,110.88,221.76,,1.6144
2025-05-21 04:56:08,LLY,BUY,1,180.50,180.50,,1.6144
2025-05-21 04:56:08,ABBV,BUY,2,110.88,221.76,,1.6144
2025-05-21 04:56:08,ABBV,BUY,2,110.88,221.76,,1.6144
2025-05-21 04:56:08,LLY,BUY,1,181.00,181.00,,1.6144
2025-05-21 04:56:08,ABBV,BUY,2,110.95,221.90,,1.6144
2025-05-21 04:56:08,LLY,BUY,1,180.12,180.12,,1.6144
2025-05-21 04:56:08,ABBV,BUY,2,110.94,221.88,,1.6144
2025-05-21 04:56:08,AMD,BUY,3,86.56,259.68,,-1.7500
2025-05-21 04:56:08,AMD,SELL,6,86.53,519.18,-0.33,-1.7500
2025-05-21 04:56:08,JNJ,BUY,1,163.92,163.92,,-2.0000
2025-05-21 04:56:08,PFE,BUY,7,38.52,269.61,,-2.0000
2025-05-21 04:56:08,LLY,BUY,1,180.93,180.93,,1.6144
2025-05-21 04:56:08,LLY,BUY,1,180.80,180.80,,1.6144
2025-05-21 04:56:08,ABBV,BUY,2,110.85,221.70,,1.6144
2025-05-21 04:56:08,AMD,BUY,3,86.52,259.56,,-1.7500
2025-05-21 04:56:08,AMD,SELL,3,86.51,259.53,-0.03,-1.7500
2025-05-21 04:56:08,AMD,BUY,3,86.46,259.38,,-1.7500
2025-05-21 04:56:08,AMD,SELL,3,86.43,259.29,-0.09,-1.7500
2025-05-21 04:56:08,PG,BUY,2,131.30,262.60,,1.6503
2025-05-21 04:56:08,CL,BUY,3,78.73,236.19,,1.6503
2025-05-21 04:56:08,PG,BUY,2,131.15,262.30,,1.6503
2025-05-21 04:56:08,CL,BUY,3,78.73,236.19,,1.6503
2025-05-21 04:56:08,AMD,BUY,3,86.39,259.17,,-1.7500
2025-05-21 04:56:08,AMD,SELL,3,86.35,259.05,-0.12,-1.7500
2025-05-21 04:56:08,ABBV,BUY,2,110.85,221.70,,1.6144
2025-05-21 04:56:08,ABBV,BUY,2,110.79,221.58,,1.6144
2025-05-21 04:56:08,LLY,BUY,1,180.72,180.72,,1.6144
2025-05-21 04:56:08,ABBV,BUY,2,110.85,221.70,,1.6144
2025-05-21 04:56:08,ABBV,BUY,2,110.81,221.62,,1.6144
2025-05-21 04:56:08,LLY,BUY,1,181.00,181.00,,1.6144
2025-05-21 04:56:08,LLY,BUY,1,181.54,181.54,,1.6144
2025-05-21 04:56:08,JNJ,BUY,1,163.81,163.81,,-2.0000
2025-05-21 04:56:08,PFE,BUY,7,38.52,269.61,,-2.0000
2025-05-21 04:56:08,PFE,BUY,7,38.52,269.61,,-2.0000
2025-05-21 04:56:08,JNJ,BUY,1,163.79,163.79,,-2.0000
2025-05-21 04:56:08,JNJ,BUY,1,163.70,163.70,,-2.0000
2025-05-21 04:56:08,PFE,BUY,7,38.52,269.61,,-2.0000
2025-05-21 04:56:08,JNJ,BUY,1,163.65,163.65,,-2.0000
2025-05-21 04:56:08,PFE,BUY,7,38.52,269.61,,-2.0000
2025-05-21 04:56:08,ABBV,BUY,2,110.74,221.48,,1.6144
2025-05-21 04:56:08,LLY,BUY,1,181.86,181.86,,1.6144
2025-05-21 04:56:08,ABBV,BUY,2,110.73,221.46,,1.6144
2025-05-21 04:56:08,LLY,BUY,1,181.86,181.86,,1.6144
2025-05-21 04:56:08,ABBV,BUY,2,110.69,221.38,,1.6144
2025-05-21 04:56:08,LLY,BUY,1,181.86,181.86,,1.6144
2025-05-21 04:56:08,LLY,BUY,1,182.00,182.00,,1.6144
2025-05-21 04:56:08,JNJ,BUY,1,163.50,163.50,,-2.0000
2025-05-21 04:56:08,PFE,BUY,7,38.52,269.61,,-2.0000
2025-05-21 04:56:08,PFE,BUY,7,38.52,269.61,,-2.0000
2025-05-21 04:56:08,JNJ,BUY,1,163.56,163.56,,-2.0000
2025-05-21 04:56:08,PG,BUY,2,131.00,262.00,,1.6503
2025-05-21 04:56:08,CL,BUY,3,78.73,236.19,,1.6503
2025-05-21 04:56:08,AMD,BUY,3,86.38,259.14,,-1.7500
2025-05-21 04:56:08,AMD,SELL,3,86.41,259.23,0.09,-1.7500
2025-05-21 04:56:08,AMD,BUY,3,86.42,259.26,,-1.7500
2025-05-21 04:56:08,AMD,SELL,3,86.43,259.29,0.03,-1.7500
2025-05-21 04:56:08,AMD,BUY,3,86.47,259.41,,-1.7500
2025-05-21 04:56:08,LLY,BUY,1,182.49,182.49,,1.6144
2025-05-21 04:56:08,PFE,BUY,7,38.52,269.61,,-2.0000
2025-05-21 04:56:08,JNJ,BUY,1,163.62,163.62,,-2.0000
2025-05-21 04:56:08,JNJ,BUY,1,163.63,163.63,,-2.0000
2025-05-21 04:56:08,PFE,BUY,7,38.52,269.61,,-2.0000
2025-05-21 04:56:08,PFE,BUY,7,38.52,269.61,,-2.0000
2025-05-21 04:56:08,JNJ,BUY,1,163.71,163.71,,-2.0000
2025-05-21 04:56:08,ABBV,BUY,2,110.68,221.36,,1.6144
2025-05-21 04:56:08,ABBV,BUY,2,110.69,221.38,,1.6144
2025-05-21 04:56:08,ABBV,BUY,2,110.68,221.36,,1.6144
2025-05-21 04:56:08,LLY,BUY,1,182.51,182.51,,1.6144
2025-05-21 04:56:08,LLY,BUY,1,182.04,182.04,,1.6144
2025-05-21 04:56:08,PG,BUY,2,130.95,261.90,,1.6503
2025-05-21 04:56:08,CL,BUY,3,78.73,236.19,,1.6503
2025-05-21 04:56:08,LLY,BUY,1,182.53,182.53,,1.6144
2025-05-21 04:56:08,ABBV,BUY,2,110.66,221.32,,1.6144
2025-05-21 04:56:08,LLY,BUY,1,182.08,182.08,,1.6144
2025-05-21 04:56:08,ABBV,BUY,2,110.64,221.28,,1.6144
2025-05-21 04:56:08,ABBV,BUY,2,110.63,221.26,,1.6144
2025-05-21 04:56:08,LLY,BUY,1,181.90,181.90,,1.6144
2025-05-21 04:56:08,JNJ,BUY,1,163.77,163.77,,-2.0000
2025-05-21 04:56:08,PFE,BUY,7,38.52,269.61,,-2.0000
2025-05-21 04:56:08,JNJ,BUY,1,163.60,163.60,,-2.0000
2025-05-21 04:56:08,PFE,BUY,7,38.52,269.61,,-2.0000
2025-05-21 04:56:08,JNJ,BUY,1,163.65,163.65,,-2.0000
2025-05-21 04:56:08,PFE,BUY,7,38.52,269.61,,-2.0000
2025-05-21 04:56:08,JNJ,BUY,1,163.59,163.59,,-2.0000
2025-05-21 04:56:08,PFE,BUY,7,38.52,269.61,,-2.0000
2025-05-21 04:56:08,PG,BUY,2,130.92,261.84,,1.6503
2025-05-21 04:56:08,CL,BUY,3,78.73,236.19,,1.6503
2025-05-21 04:56:08,CL,BUY,3,78.73,236.19,,1.6503
2025-05-21 04:56:08,PG,BUY,2,131.01,262.02,,1.6503
2025-05-21 04:56:08,ABBV,BUY,2,110.60,221.20,,1.6144
2025-05-21 04:56:08,AMD,BUY,3,86.47,259.41,,-1.7500
2025-05-21 04:56:08,AMD,SELL,6,86.48,518.88,0.06,-1.7500
2025-05-21 04:56:08,AMD,BUY,3,86.45,259.35,,-1.7500
2025-05-21 04:56:08,AMD,SELL,3,86.44,259.32,-0.03,-1.7500
2025-05-21 04:56:08,PFE,BUY,7,38.52,269.61,,-2.0000
2025-05-21 04:56:08,JNJ,BUY,1,163.68,163.68,,-2.0000
2025-05-21 04:56:08,JNJ,BUY,1,163.60,163.60,,-2.0000
2025-05-21 04:56:08,PFE,BUY,7,38.52,269.61,,-2.0000
2025-05-21 04:56:08,ABBV,BUY,2,110.66,221.32,,1.6144
2025-05-21 04:56:08,LLY,BUY,1,182.46,182.46,,1.6144
2025-05-21 04:56:08,LLY,BUY,1,181.64,181.64,,1.6144
2025-05-21 04:56:08,ABBV,BUY,2,110.68,221.36,,1.6144
2025-05-21 04:56:08,ABBV,BUY,2,110.76,221.52,,1.6144
2025-05-21 04:56:08,JNJ,BUY,1,163.44,163.44,,-2.0000
2025-05-21 04:56:08,PFE,BUY,7,38.52,269.61,,-2.0000
2025-05-21 04:56:08,PFE,BUY,7,38.52,269.61,,-2.0000
2025-05-21 04:56:08,JNJ,BUY,1,163.77,163.77,,-2.0000
2025-05-21 04:56:08,PFE,BUY,7,38.52,269.61,,-2.0000
2025-05-21 04:56:08,JNJ,BUY,1,163.75,163.75,,-2.0000
2025-05-21 04:56:08,LLY,BUY,1,182.56,182.56,,1.6144
2025-05-21 04:56:08,ABBV,BUY,2,110.74,221.48,,1.6144
2025-05-21 04:56:08,LLY,BUY,1,182.64,182.64,,1.6144
2025-05-21 04:56:08,CL,BUY,3,78.73,236.19,,1.6503
2025-05-21 04:56:08,PG,BUY,2,131.20,262.40,,1.6503
2025-05-21 04:56:08,JNJ,BUY,1,163.66,163.66,,-2.0000
2025-05-21 04:56:08,PFE,BUY,7,38.52,269.61,,-2.0000
2025-05-21 04:56:08,PFE,BUY,7,38.52,269.61,,-2.0000
2025-05-21 04:56:08,CL,BUY,3,78.73,236.19,,1.6503
2025-05-21 04:56:08,PG,BUY,2,131.24,262.48,,1.6503
2025-05-21 04:56:08,CL,BUY,3,78.73,236.19,,1.6503
2025-05-21 04:56:08,PG,BUY,2,131.25,262.50,,1.6503
2025-05-21 04:56:08,PG,BUY,2,131.20,262.40,,1.6503
2025-05-21 04:56:08,CL,BUY,3,78.73,236.19,,1.6503
2025-05-21 04:56:08,PG,BUY,2,131.15,262.30,,1.6503
2025-05-21 04:56:08,JNJ,BUY,1,163.71,163.71,,-2.0000
2025-05-21 04:56:08,PFE,BUY,7,38.52,269.61,,-2.0000
2025-05-21 04:56:08,JNJ,BUY,1,163.66,163.66,,-2.0000
2025-05-21 04:56:08,JNJ,BUY,1,163.61,163.61,,-2.0000
2025-05-21 04:56:08,PFE,BUY,7,38.52,269.61,,-2.0000
2025-05-21 04:56:08,ABBV,BUY,2,110.74,221.48,,1.6144
2025-05-21 04:56:08,LLY,BUY,1,184.06,184.06,,1.6144
2025-05-21 04:56:08,ABBV,BUY,2,110.74,221.48,,1.6144
2025-05-21 04:56:08,LLY,BUY,1,184.25,184.25,,1.6144
2025-05-21 04:56:08,ABBV,BUY,2,110.74,221.48,,1.6144
2025-05-21 04:56:08,LLY,BUY,1,184.58,184.58,,1.6144
2025-05-21 04:56:08,CL,BUY,3,78.73,236.19,,1.6503
2025-05-21 04:56:08,CL,BUY,3,78.73,236.19,,1.6503
2025-05-21 04:56:08,PG,BUY,2,131.25,262.50,,1.6503
2025-05-21 04:56:08,PG,BUY,2,131.26,262.52,,1.6503
2025-05-21 04:56:08,CL,BUY,3,78.73,236.19,,1.6503
2025-05-21 04:56:08,PFE,BUY,7,38.52,269.61,,-2.0000
2025-05-21 04:56:08,JNJ,BUY,1,163.51,163.51,,-2.0000
2025-05-21 04:56:08,ABBV,BUY,2,110.74,221.48,,1.6144
2025-05-21 04:56:08,LLY,BUY,1,185.66,185.66,,1.6144
2025-05-21 04:56:08,PFE,BUY,7,38.52,269.61,,-2.0000
2025-05-21 04:56:08,JNJ,BUY,1,163.62,163.62,,-2.0000
2025-05-21 04:56:08,PFE,BUY,7,38.52,269.61,,-2.0000
2025-05-21 04:56:08,JNJ,BUY,1,163.54,163.54,,-2.0000
2025-05-21 04:56:08,LLY,BUY,1,184.50,184.50,,1.6144
2025-05-21 04:56:08,ABBV,BUY,2,110.74,221.48,,1.6144
2025-05-21 04:56:08,ABBV,BUY,2,110.74,221.48,,1.6144
2025-05-21 04:56:08,LLY,BUY,1,184.61,184.61,,1.6144
2025-05-21 04:56:08,LLY,BUY,1,183.90,183.90,,1.6144
2025-05-21 04:56:08,ABBV,BUY,2,110.74,221.48,,1.6144
2025-05-21 04:56:08,LLY,BUY,1,183.81,183.81,,1.6144
2025-05-21 04:56:08,ABBV,BUY,2,110.74,221.48,,1.6144
2025-05-21 04:56:08,LLY,BUY,1,183.57,183.57,,1.6144
2025-05-21 04:56:08,ABBV,BUY,2,110.74,221.48,,1.6144
2025-05-21 04:56:08,ABBV,BUY,2,110.74,221.48,,1.6144
2025-05-21 04:56:08,LLY,BUY,1,183.94,183.94,,1.6144
2025-05-21 04:56:08,ABBV,BUY,2,110.74,221.48,,1.6144
2025-05-21 04:56:08,LLY,BUY,1,184.07,184.07,,1.6144
2025-05-21 04:56:08,JNJ,BUY,1,163.47,163.47,,-2.0000
2025-05-21 04:56:08,PFE,BUY,7,38.52,269.61,,-2.0000
2025-05-21 04:56:08,PFE,BUY,7,38.52,269.61,,-2.0000
2025-05-21 04:56:08,JNJ,BUY,1,163.58,163.58,,-2.0000
2025-05-21 04:56:08,CL,BUY,3,78.73,236.19,,1.6503
2025-05-21 04:56:08,PG,BUY,2,131.24,262.48,,1.6503
2025-05-21 04:56:08,PG,BUY,2,131.11,262.22,,1.6503
2025-05-21 04:56:08,CL,BUY,3,78.73,236.19,,1.6503
2025-05-21 04:56:08,PG,BUY,2,131.11,262.22,,1.6503
2025-05-21 04:56:08,CL,BUY,3,78.73,236.19,,1.6503
2025-05-21 04:56:08,PG,BUY,2,131.13,262.26,,1.6503
2025-05-21 04:56:08,CL,BUY,3,78.73,236.19,,1.6503
2025-05-21 04:56:08,LLY,BUY,1,182.97,182.97,,1.6144
2025-05-21 04:56:08,ABBV,BUY,2,110.74,221.48,,1.6144
2025-05-21 04:56:08,ABBV,BUY,2,110.74,221.48,,1.6144
2025-05-21 04:56:08,LLY,BUY,1,183.60,183.60,,1.6144
2025-05-21 04:56:08,JNJ,BUY,1,163.48,163.48,,-2.0000
2025-05-21 04:56:08,PFE,BUY,7,38.52,269.61,,-2.0000
2025-05-21 04:56:08,JNJ,BUY,1,163.44,163.44,,-2.0000
2025-05-21 04:56:08,PFE,BUY,7,38.52,269.61,,-2.0000
2025-05-21 04:56:08,JNJ,BUY,1,163.47,163.47,,-2.0000
2025-05-21 04:56:08,PFE,BUY,7,38.52,269.61,,-2.0000
2025-05-21 04:56:08,CL,BUY,3,78.73,236.19,,1.6503
2025-05-21 04:56:08,PG,BUY,2,131.15,262.30,,1.6503
2025-05-21 04:56:08,CL,BUY,3,78.73,236.19,,1.6503
2025-05-21 04:56:08,PG,BUY,2,131.23,262.46,,1.6503
2025-05-21 04:56:08,ABBV,BUY,2,110.74,221.48,,1.6144
2025-05-21 04:56:08,LLY,BUY,1,183.50,183.50,,1.6144
2025-05-21 04:56:08,LLY,BUY,1,183.46,183.46,,1.6144
2025-05-21 04:56:08,ABBV,BUY,2,110.74,221.48,,1.6144
2025-05-21 04:56:08,LLY,BUY,1,183.48,183.48,,1.6144
2025-05-21 04:56:08,ABBV,BUY,2,110.74,221.48,,1.6144
2025-05-21 04:56:08,LLY,BUY,1,183.20,183.20,,1.6144
2025-05-21 04:56:08,ABBV,BUY,2,110.74,221.48,,1.6144
2025-05-21 04:56:08,LLY,BUY,1,183.03,183.03,,1.6144
2025-05-21 04:56:08,ABBV,BUY,2,110.74,221.48,,1.6144
2025-05-21 04:56:08,LLY,BUY,1,182.93,182.93,,1.6144
2025-05-21 04:56:08,ABBV,BUY,2,110.74,221.48,,1.6144
2025-05-21 04:56:08,CL,BUY,3,78.73,236.19,,1.6503
2025-05-21 04:56:08,PG,BUY,2,131.14,262.28,,1.6503
2025-05-21 04:56:08,LLY,BUY,1,183.02,183.02,,1.6144
2025-05-21 04:56:08,ABBV,BUY,2,110.74,221.48,,1.6144
2025-05-21 04:56:08,LLY,BUY,1,182.80,182.80,,1.6144
2025-05-21 04:56:08,ABBV,BUY,2,110.74,221.48,,1.6144
2025-05-21 04:56:08,JNJ,BUY,1,163.48,163.48,,-2.0000
2025-05-21 04:56:08,PFE,BUY,7,38.52,269.61,,-2.0000
2025-05-21 04:56:08,JNJ,BUY,1,163.47,163.47,,-2.0000
2025-05-21 04:56:08,PFE,BUY,7,38.52,269.61,,-2.0000
2025-05-21 04:56:08,JNJ,BUY,1,163.44,163.44,,-2.0000
2025-05-21 04:56:08,PFE,BUY,7,38.52,269.61,,-2.0000
2025-05-21 04:56:08,ABBV,BUY,2,110.74,221.48,,1.6144
2025-05-21 04:56:08,LLY,BUY,1,183.09,183.09,,1.6144
2025-05-21 04:56:08,ABBV,BUY,2,110.74,221.48,,1.6144
2025-05-21 04:56:08,LLY,BUY,1,183.01,183.01,,1.6144
2025-05-21 04:56:08,LLY,BUY,1,182.93,182.93,,1.6144
2025-05-21 04:56:08,ABBV,BUY,2,110.74,221.48,,1.6144
2025-05-21 04:56:08,ABBV,BUY,2,110.74,221.48,,1.6144
2025-05-21 04:56:08,LLY,BUY,1,182.90,182.90,,1.6144
2025-05-21 04:56:08,PG,BUY,2,130.98,261.96,,1.6503
2025-05-21 04:56:08,CL,BUY,3,78.73,236.19,,1.6503
2025-05-21 04:56:08,ABBV,BUY,2,110.74,221.48,,1.6144
2025-05-21 04:56:08,LLY,BUY,1,183.37,183.37,,1.6144
2025-05-21 04:56:08,PFE,BUY,7,38.52,269.61,,-2.0000
2025-05-21 04:56:08,JNJ,BUY,1,163.41,163.41,,-2.0000
2025-05-21 04:56:08,JNJ,BUY,1,163.32,163.32,,-2.0000
2025-05-21 04:56:08,PFE,BUY,7,38.52,269.61,,-2.0000
2025-05-21 04:56:08,JNJ,BUY,1,163.22,163.22,,-2.0000
2025-05-21 04:56:08,PFE,BUY,7,38.52,269.61,,-2.0000
2025-05-21 04:56:08,LLY,BUY,1,182.98,182.98,,1.6144
2025-05-21 04:56:08,ABBV,BUY,2,110.74,221.48,,1.6144
2025-05-21 04:56:08,PFE,BUY,7,38.52,269.61,,-2.0000
2025-05-21 04:56:08,JNJ,BUY,1,163.32,163.32,,-2.0000
2025-05-21 04:56:08,JNJ,BUY,1,163.30,163.30,,-2.0000
2025-05-21 04:56:08,PFE,BUY,7,38.52,269.61,,-2.0000
2025-05-21 04:56:08,PFE,BUY,7,38.52,269.61,,-2.0000
2025-05-21 04:56:08,JNJ,BUY,1,163.39,163.39,,-2.0000
2025-05-21 04:56:08,ABBV,BUY,2,110.74,221.48,,1.6144
2025-05-21 04:56:08,LLY,BUY,1,183.09,183.09,,1.6144
2025-05-21 04:56:08,LLY,BUY,1,183.04,183.04,,1.6144
2025-05-21 04:56:08,ABBV,BUY,2,110.74,221.48,,1.6144
2025-05-21 04:56:08,ABBV,BUY,2,110.74,221.48,,1.6144
2025-05-21 04:56:08,LLY,BUY,1,183.15,183.15,,1.6144
2025-05-21 04:56:08,LLY,BUY,1,183.10,183.10,,1.6144
2025-05-21 04:56:08,ABBV,BUY,2,110.74,221.48,,1.6144
2025-05-21 04:56:08,JNJ,BUY,1,163.31,163.31,,-2.0000
2025-05-21 04:56:08,PFE,BUY,7,38.52,269.61,,-2.0000
2025-05-21 04:56:08,PFE,BUY,7,38.52,269.61,,-2.0000
2025-05-21 04:56:08,JNJ,BUY,1,163.19,163.19,,-2.0000
2025-05-21 04:56:08,PG,BUY,2,130.98,261.96,,1.6503
2025-05-21 04:56:08,CL,BUY,3,78.73,236.19,,1.6503
2025-05-21 04:56:08,LLY,BUY,1,183.05,183.05,,1.6144
2025-05-21 04:56:08,ABBV,BUY,2,110.74,221.48,,1.6144
2025-05-21 04:56:08,LLY,BUY,1,182.88,182.88,,1.6144
2025-05-21 04:56:08,ABBV,BUY,2,110.74,221.48,,1.6144
2025-05-21 04:56:08,ABBV,BUY,2,110.74,221.48,,1.6144
2025-05-21 04:56:08,LLY,BUY,1,183.02,183.02,,1.6144
2025-05-21 04:56:08,LLY,BUY,1,182.99,182.99,,1.6144
2025-05-21 04:56:08,ABBV,BUY,2,110.74,221.48,,1.6144
2025-05-21 04:56:08,JNJ,BUY,1,163.04,163.04,,-2.0000
2025-05-21 04:56:08,PFE,BUY,7,38.52,269.61,,-2.0000
2025-05-21 04:56:08,CL,BUY,3,78.73,236.19,,1.6503
2025-05-21 04:56:08,PG,BUY,2,130.98,261.96,,1.6503
2025-05-21 04:56:08,PG,BUY,2,130.97,261.94,,1.6503
2025-05-21 04:56:08,CL,BUY,3,78.73,236.19,,1.6503
2025-05-21 04:56:08,LLY,BUY,1,183.12,183.12,,1.6144
2025-05-21 04:56:08,ABBV,BUY,2,110.74,221.48,,1.6144
2025-05-21 04:56:08,JNJ,BUY,1,163.03,163.03,,-2.0000
2025-05-21 04:56:08,PFE,BUY,7,38.52,269.61,,-2.0000
2025-05-21 04:56:08,PFE,BUY,7,38.52,269.61,,-2.0000
2025-05-21 04:56:08,JNJ,BUY,1,163.06,163.06,,-2.0000
2025-05-21 04:56:08,ABBV,BUY,2,110.74,221.48,,1.6144
2025-05-21 04:56:08,LLY,BUY,1,183.12,183.12,,1.6144
2025-05-21 04:56:08,LLY,BUY,1,182.80,182.80,,1.6144
2025-05-21 04:56:08,ABBV,BUY,2,110.74,221.48,,1.6144
2025-05-21 04:56:08,PG,BUY,2,130.95,261.90,,1.6503
2025-05-21 04:56:08,CL,BUY,3,78.73,236.19,,1.6503
2025-05-21 04:56:08,LLY,BUY,1,182.65,182.65,,1.6144
2025-05-21 04:56:08,ABBV,BUY,2,110.74,221.48,,1.6144
2025-05-21 04:56:08,LLY,BUY,1,182.52,182.52,,1.6144
2025-05-21 04:56:08,PFE,BUY,7,38.52,269.61,,-2.0000
2025-05-21 04:56:08,JNJ,BUY,1,163.02,163.02,,-2.0000
2025-05-21 04:56:08,ABBV,BUY,2,110.74,221.48,,1.6144
2025-05-21 04:56:08,LLY,BUY,1,182.45,182.45,,1.6144
2025-05-21 04:56:08,ABBV,BUY,2,110.74,221.48,,1.6144
2025-05-21 04:56:08,PG,BUY,2,130.90,261.80,,1.6503
2025-05-21 04:56:08,CL,BUY,3,78.73,236.19,,1.6503
2025-05-21 04:56:08,CL,BUY,3,78.73,236.19,,1.6503
2025-05-21 04:56:08,PG,BUY,2,130.94,261.88,,1.6503
2025-05-21 04:56:08,PFE,BUY,7,38.52,269.61,,-2.0000
2025-05-21 04:56:08,JNJ,BUY,1,163.12,163.12,,-2.0000
2025-05-21 04:56:08,PFE,BUY,7,38.52,269.61,,-2.0000
2025-05-21 04:56:08,JNJ,BUY,1,163.15,163.15,,-2.0000
2025-05-21 04:56:08,PFE,BUY,7,38.52,269.61,,-2.0000
2025-05-21 04:56:08,JNJ,BUY,1,163.17,163.17,,-2.0000
2025-05-21 04:56:08,LLY,BUY,1,182.45,182.45,,1.6144
2025-05-21 04:56:08,ABBV,BUY,2,110.74,221.48,,1.6144
2025-05-21 04:56:08,ABBV,BUY,2,110.74,221.48,,1.6144
2025-05-21 04:56:08,LLY,BUY,1,182.59,182.59,,1.6144
2025-05-21 04:56:08,CL,BUY,3,78.73,236.19,,1.6503
2025-05-21 04:56:08,PG,BUY,2,131.05,262.10,,1.6503
2025-05-21 04:56:08,PG,BUY,2,130.99,261.98,,1.6503
2025-05-21 04:56:08,CL,BUY,3,78.73,236.19,,1.6503
2025-05-21 04:56:08,JNJ,BUY,1,163.29,163.29,,-2.0000
2025-05-21 04:56:08,PFE,BUY,7,38.52,269.61,,-2.0000
2025-05-21 04:56:08,PFE,BUY,7,38.52,269.61,,-2.0000
2025-05-21 04:56:08,JNJ,BUY,1,163.37,163.37,,-2.0000
2025-05-21 04:56:08,JNJ,BUY,1,163.33,163.33,,-2.0000
2025-05-21 04:56:08,PFE,BUY,7,38.52,269.61,,-2.0000
2025-05-21 04:56:08,PFE,BUY,7,38.52,269.61,,-2.0000
2025-05-21 04:56:08,JNJ,BUY,1,163.31,163.31,,-2.0000
2025-05-21 04:56:08,JNJ,BUY,1,163.25,163.25,,-2.0000
2025-05-21 04:56:08,PFE,BUY,7,38.52,269.61,,-2.0000
2025-05-21 04:56:08,LLY,BUY,1,182.25,182.25,,1.6144
2025-05-21 04:56:08,ABBV,BUY,2,110.74,221.48,,1.6144
2025-05-21 04:56:08,ABBV,BUY,2,110.74,221.48,,1.6144
2025-05-21 04:56:08,LLY,BUY,1,182.48,182.48,,1.6144
2025-05-21 04:56:08,ABBV,BUY,2,110.74,221.48,,1.6144
2025-05-21 04:56:08,LLY,BUY,1,182.60,182.60,,1.6144
2025-05-21 04:56:08,ABBV,BUY,2,110.74,221.48,,1.6144
2025-05-21 04:56:08,LLY,BUY,1,182.36,182.36,,1.6144
2025-05-21 04:56:08,LLY,BUY,1,182.34,182.34,,1.6144
2025-05-21 04:56:08,PG,BUY,2,130.86,261.72,,1.6503
2025-05-21 04:56:08,CL,BUY,3,78.73,236.19,,1.6503
2025-05-21 04:56:08,PG,BUY,2,130.82,261.64,,1.6503
2025-05-21 04:56:08,CL,BUY,3,78.73,236.19,,1.6503
2025-05-21 04:56:08,ABBV,BUY,2,110.74,221.48,,1.6144
2025-05-21 04:56:08,LLY,BUY,1,182.29,182.29,,1.6144
2025-05-21 04:56:08,ABBV,BUY,2,110.74,221.48,,1.6144
2025-05-21 04:56:08,LLY,BUY,1,182.21,182.21,,1.6144
2025-05-21 04:56:08,ABBV,BUY,2,110.74,221.48,,1.6144
2025-05-21 04:56:08,ABBV,BUY,2,110.74,221.48,,1.6144
2025-05-21 04:56:08,LLY,BUY,1,182.25,182.25,,1.6144
2025-05-21 04:56:08,ABBV,BUY,2,110.74,221.48,,1.6144
2025-05-21 04:56:08,LLY,BUY,1,182.25,182.25,,1.6144
2025-05-21 04:56:08,ABBV,BUY,2,110.74,221.48,,1.6144
2025-05-21 04:56:08,LLY,BUY,1,182.45,182.45,,1.6144
2025-05-21 04:56:08,LLY,BUY,1,182.20,182.20,,1.6144
2025-05-21 04:56:08,ABBV,BUY,2,110.74,221.48,,1.6144
2025-05-21 04:56:08,PG,BUY,2,130.78,261.56,,1.6503
2025-05-21 04:56:08,CL,BUY,3,78.73,236.19,,1.6503
2025-05-21 04:56:08,ABBV,BUY,2,110.74,221.48,,1.6144
2025-05-21 04:56:08,LLY,BUY,1,182.38,182.38,,1.6144
2025-05-21 04:56:08,NEM,BUY,4,65.26,261.04,,0.0000
2025-05-21 04:56:08,GOLD,BUY,13,22.02,286.26,,0.0000
2025-05-21 04:56:08,GOLD,BUY,13,22.02,286.26,,0.0000
2025-05-21 04:56:08,NEM,BUY,4,65.15,260.60,,0.0000
2025-05-21 04:56:08,ABBV,BUY,2,110.74,221.48,,1.6144
2025-05-21 04:56:08,LLY,BUY,1,182.33,182.33,,1.6144
2025-05-21 04:56:08,LLY,BUY,1,182.42,182.42,,1.6144
2025-05-21 04:56:08,ABBV,BUY,2,110.74,221.48,,1.6144
2025-05-21 04:56:08,GOLD,BUY,13,22.02,286.26,,0.0000
2025-05-21 04:56:08,NEM,BUY,4,65.08,260.32,,0.0000
2025-05-21 04:56:08,NEM,BUY,4,65.01,260.04,,0.0000
2025-05-21 04:56:08,GOLD,BUY,13,22.02,286.26,,0.0000
2025-05-21 04:56:08,LLY,BUY,1,182.14,182.14,,1.6144
2025-05-21 04:56:08,ABBV,BUY,2,110.74,221.48,,1.6144
2025-05-21 04:56:08,CL,BUY,3,78.73,236.19,,1.6503
2025-05-21 04:56:08,PG,BUY,2,130.75,261.50,,1.6503
2025-05-21 04:56:08,GOLD,BUY,13,22.02,286.26,,0.0000
2025-05-21 04:56:08,NEM,BUY,4,64.99,259.96,,0.0000
2025-05-21 04:56:08,GOLD,BUY,13,22.02,286.26,,0.0000
2025-05-21 04:56:08,NEM,BUY,4,65.00,260.00,,0.0000
2025-05-21 04:56:08,NEM,BUY,4,64.96,259.84,,0.0000
2025-05-21 04:56:08,GOLD,BUY,13,22.02,286.26,,0.0000
2025-05-21 04:56:08,NEM,BUY,4,64.78,259.12,,0.0000
2025-05-21 04:56:08,GOLD,BUY,13,22.02,286.26,,0.0000
2025-05-21 04:56:08,ABBV,BUY,2,110.74,221.48,,1.6144
2025-05-21 04:56:08,LLY,BUY,1,182.23,182.23,,1.6144
2025-05-21 04:56:08,LLY,BUY,1,182.09,182.09,,1.6144
2025-05-21 04:56:08,SLB,BUY,11,26.34,289.74,,2.0000
2025-05-21 04:56:08,HAL,BUY,15,19.37,290.55,,2.0000
2025-05-21 04:56:08,XLK,BUY,2,143.30,286.60,,-0.7906
2025-05-21 04:56:08,ABBV,BUY,2,110.74,221.48,,1.6144
2025-05-21 04:56:08,LLY,BUY,1,182.06,182.06,,1.6144
2025-05-21 04:56:08,ABBV,BUY,2,110.74,221.48,,1.6144
2025-05-21 04:56:08,NEM,BUY,4,64.76,259.04,,0.0000
2025-05-21 04:56:08,GOLD,BUY,13,22.02,286.26,,0.0000
2025-05-21 04:56:08,NEM,BUY,4,64.70,258.80,,0.0000
2025-05-21 04:56:08,GOLD,BUY,13,22.02,286.26,,0.0000
2025-05-21 04:56:08,HAL,BUY,15,19.37,290.55,,2.0000
2025-05-21 04:56:08,SLB,BUY,11,26.53,291.83,,2.0000
2025-05-21 04:56:08,GOLD,BUY,13,22.02,286.26,,0.0000
2025-05-21 04:56:08,NEM,BUY,4,64.78,259.12,,0.0000
2025-05-21 04:56:08,GOLD,BUY,13,22.02,286.26,,0.0000
2025-05-21 04:56:08,NEM,BUY,4,64.85,259.40,,0.0000
2025-05-21 04:56:08,HAL,BUY,15,19.37,290.55,,2.0000
2025-05-21 04:56:08,SLB,BUY,11,26.58,292.38,,2.0000
2025-05-21 04:56:08,SLB,BUY,11,26.55,292.05,,2.0000
2025-05-21 04:56:08,HAL,BUY,15,19.37,290.55,,2.0000
2025-05-21 04:56:08,HAL,BUY,15,19.37,290.55,,2.0000
2025-05-21 04:56:08,SLB,BUY,11,26.61,292.71,,2.0000
2025-05-21 04:56:08,CL,BUY,3,78.73,236.19,,1.6503
2025-05-21 04:56:08,PG,BUY,2,130.66,261.32,,1.6503
2025-05-21 04:56:08,PG,BUY,2,130.61,261.22,,1.6503
2025-05-21 04:56:08,CL,BUY,3,78.73,236.19,,1.6503
2025-05-21 04:56:08,XLK,BUY,2,143.30,286.60,,-0.7906
2025-05-21 04:56:08,XLK,BUY,2,143.30,286.60,,-0.7906
2025-05-21 04:56:08,XLK,BUY,2,143.30,286.60,,-0.7906
2025-05-21 04:56:08,XLK,BUY,2,143.30,286.60,,-0.7906
2025-05-21 04:56:08,XLK,BUY,2,143.30,286.60,,-0.7906
2025-05-21 04:56:08,XLK,BUY,2,143.30,286.60,,-0.7906
2025-05-21 04:56:08,XLK,BUY,2,143.30,286.60,,-0.7906
2025-05-21 04:56:08,GOLD,BUY,13,22.02,286.26,,0.0000
2025-05-21 04:56:08,NEM,BUY,4,64.78,259.12,,0.0000
2025-05-21 04:56:08,NEM,BUY,4,64.75,259.00,,0.0000
2025-05-21 04:56:08,GOLD,BUY,13,22.02,286.26,,0.0000
2025-05-21 04:56:08,ABBV,BUY,2,110.74,221.48,,1.6144
2025-05-21 04:56:08,LLY,BUY,1,182.50,182.50,,1.6144
2025-05-21 04:56:08,ABBV,BUY,2,110.74,221.48,,1.6144
2025-05-21 04:56:08,LLY,BUY,1,182.66,182.66,,1.6144
2025-05-21 04:56:08,LLY,BUY,1,182.52,182.52,,1.6144
2025-05-21 04:56:08,ABBV,BUY,2,110.74,221.48,,1.6144

Summary
Initial Balance:,5000000.00
Final Balance:,5008339.00
P&L:,8339.00
