Time,Symbol,Side,Quantity,Price,Value,P&L,Z-Score
2025-05-18 18:47:34,LOW,BUY,2488,200.91,499864.08,,1.9111
2025-05-18 18:47:34,HD,BUY,1401,320.99,449706.99,,0.5570
2025-05-18 18:47:34,LOW,SELL,2488,200.91,499864.08,0.00,0.5570
2025-05-18 18:47:34,HD,BUY,1406,320.02,449948.12,,0.5570
2025-05-18 18:47:34,LOW,BUY,2239,200.91,449837.49,,0.5570
2025-05-18 18:47:34,LOW,BUY,2239,200.91,449837.49,,0.5570
2025-05-18 18:47:34,HD,BUY,1403,320.69,449928.07,,0.5570
2025-05-18 18:47:34,LOW,SELL,2488,200.91,499864.08,0.00,0.5570
2025-05-18 18:47:34,LOW,BUY,2239,200.91,449837.49,,0.5570
2025-05-18 18:47:34,HD,BUY,1400,321.22,449708.00,,0.5570
2025-05-18 18:47:34,LOW,SELL,2488,200.91,499864.08,0.00,0.5570
2025-05-18 18:47:34,LOW,BUY,2239,200.91,449837.49,,0.5570
2025-05-18 18:47:34,HD,BUY,746,321.47,239816.62,,0.7625
2025-05-18 18:47:34,LOW,SELL,3980,200.91,799621.80,-0.00,0.7625
2025-05-18 18:47:34,HD,SELL,5610,321.83,1805466.30,5687.39,0.7625
2025-05-18 18:47:34,LOW,BUY,1195,200.91,240087.45,,0.7625
2025-05-18 18:47:34,HD,BUY,746,321.70,239988.20,,0.7625
2025-05-18 18:47:34,LOW,SELL,1195,200.91,240087.45,0.00,-0.9485
2025-05-18 18:47:34,HD,BUY,747,321.41,240093.27,,-0.9485
2025-05-18 18:47:34,HD,SELL,2239,321.56,719961.65,551.29,0.9856
2025-05-18 18:47:34,LOW,BUY,1195,200.91,240087.45,,0.9856
2025-05-18 18:47:34,LOW,BUY,1195,200.91,240087.45,,0.9856
2025-05-18 18:47:34,HD,BUY,746,321.55,239876.30,,0.9856
2025-05-18 18:47:34,LOW,SELL,2390,200.91,480174.90,0.00,-0.7454
2025-05-18 18:47:34,HD,SELL,746,321.52,239853.92,-22.38,1.1451
2025-05-18 18:47:34,LOW,BUY,1195,200.91,240087.45,,1.1451
2025-05-18 18:47:34,HD,BUY,747,321.30,240011.10,,1.1451
2025-05-18 18:47:34,LOW,SELL,1195,200.91,240087.45,0.00,1.1451
2025-05-18 18:47:34,HD,SELL,747,321.64,240265.08,253.98,1.1451
2025-05-18 18:47:34,LOW,BUY,1195,200.91,240087.45,,1.1451
2025-05-18 18:47:34,HD,BUY,747,321.41,240093.27,,1.1451
2025-05-18 18:47:34,LOW,SELL,1195,200.91,240087.45,0.00,1.1451
2025-05-18 18:47:34,HD,BUY,747,321.24,239966.28,,1.1451
2025-05-18 18:47:34,HD,SELL,1494,321.64,480530.16,470.61,1.1451
2025-05-18 18:47:34,LOW,BUY,1195,200.91,240087.45,,1.1451
2025-05-18 18:47:34,LOW,BUY,1195,200.91,240087.45,,1.1451
2025-05-18 18:47:34,HD,BUY,1332,321.57,428331.24,,1.1451
2025-05-18 18:47:34,HD,BUY,1334,321.31,428627.54,,1.1451
2025-05-18 18:47:34,HD,SELL,2239,321.50,719838.50,134.56,1.1451
2025-05-18 18:47:34,LOW,BUY,2133,200.91,428541.03,,1.1451
2025-05-18 18:47:34,HD,BUY,1334,321.14,428400.76,,1.1451
2025-05-18 18:47:34,HD,SELL,746,321.08,239525.68,-99.01,1.1451
2025-05-18 18:47:34,LOW,BUY,2133,200.91,428541.03,,1.1451
2025-05-18 18:47:34,HD,SELL,746,321.34,239719.64,94.95,1.1451
2025-05-18 18:47:34,LOW,BUY,2133,200.91,428541.03,,1.1451
2025-05-18 18:47:34,HD,BUY,1334,321.17,428440.78,,1.1451
2025-05-18 18:47:34,LOW,SELL,2390,200.91,480174.90,0.00,1.1451
2025-05-18 18:47:34,HD,BUY,1334,321.14,428400.76,,1.1451
2025-05-18 18:47:34,LOW,SELL,2390,200.91,480174.90,-0.00,1.1451
2025-05-18 18:47:34,HD,SELL,746,321.17,239592.82,7.25,1.1451
2025-05-18 18:47:34,LOW,BUY,2133,200.91,428541.03,,1.1451
2025-05-18 18:47:34,HD,SELL,746,321.34,239719.64,134.07,1.1451
2025-05-18 18:47:34,LOW,BUY,2133,200.91,428541.03,,1.1451
2025-05-18 18:47:34,HD,BUY,1334,321.17,428440.78,,1.1451
2025-05-18 18:47:34,LOW,SELL,2390,200.91,480174.90,0.00,1.1451
2025-05-18 18:47:34,HD,BUY,1335,321.00,428535.00,,1.1451
2025-05-18 18:47:34,LOW,SELL,2390,200.91,480174.90,-0.00,1.1451
2025-05-18 18:47:34,HD,SELL,746,321.57,239891.22,342.10,1.1451
2025-05-18 18:47:34,LOW,BUY,2133,200.91,428541.03,,1.1451
2025-05-18 18:47:34,HD,SELL,746,321.25,239652.50,103.38,1.1451
2025-05-18 18:47:34,LOW,BUY,2133,200.91,428541.03,,1.1451
2025-05-18 18:47:34,HD,BUY,1335,321.06,428615.10,,1.1451
2025-05-18 18:47:34,LOW,SELL,2390,200.91,480174.90,0.00,1.1451
2025-05-18 18:47:34,HD,BUY,1336,320.82,428615.52,,1.1451
2025-05-18 18:47:34,LOW,SELL,2390,200.91,480174.90,-0.00,1.1451
2025-05-18 18:47:34,HD,SELL,746,320.93,239413.78,-70.79,1.1451
2025-05-18 18:47:34,LOW,BUY,2133,200.91,428541.03,,1.1451
2025-05-18 18:47:34,HD,SELL,746,321.60,239913.60,429.03,1.1451
2025-05-18 18:47:34,LOW,BUY,2133,200.91,428541.03,,1.1451
2025-05-18 18:47:34,HD,BUY,1334,321.09,428334.06,,1.1451
2025-05-18 18:47:34,LOW,SELL,2390,200.91,480174.90,0.00,1.1451
2025-05-18 18:47:34,HD,BUY,1335,321.00,428535.00,,1.1451
2025-05-18 18:47:34,LOW,SELL,2390,200.91,480174.90,0.00,1.1451
2025-05-18 18:47:34,HD,SELL,746,321.09,239533.14,42.39,1.1451
2025-05-18 18:47:34,LOW,BUY,2133,200.91,428541.03,,1.1451
2025-05-18 18:47:34,HD,SELL,746,321.43,239786.78,296.03,1.1451
2025-05-18 18:47:34,LOW,BUY,2133,200.91,428541.03,,1.1451
2025-05-18 18:47:34,HD,BUY,1334,321.09,428334.06,,1.1451
2025-05-18 18:47:34,LOW,SELL,2390,200.91,480174.90,0.00,1.1451
2025-05-18 18:47:34,HD,BUY,1334,321.30,428614.20,,1.1451
2025-05-18 18:47:34,LOW,SELL,2390,200.91,480174.90,0.00,1.1451
2025-05-18 18:47:34,HD,SELL,746,321.22,239630.12,97.24,1.1451
2025-05-18 18:47:34,LOW,BUY,2133,200.91,428541.03,,1.1451
2025-05-18 18:47:34,HD,SELL,746,321.35,239727.10,194.22,1.1451
2025-05-18 18:47:34,LOW,BUY,2133,200.91,428541.03,,1.1451
2025-05-18 18:47:34,HD,BUY,1334,321.20,428480.80,,1.1451
2025-05-18 18:47:34,LOW,SELL,2390,200.91,480174.90,0.00,1.1451
2025-05-18 18:47:34,HD,BUY,1335,321.06,428615.10,,1.1451
2025-05-18 18:47:34,LOW,SELL,2390,200.91,480174.90,0.00,1.1451
2025-05-18 18:47:34,HD,SELL,746,321.49,239831.54,289.56,1.1451
2025-05-18 18:47:34,LOW,BUY,2133,200.91,428541.03,,1.1451
2025-05-18 18:47:34,HD,SELL,746,321.29,239682.34,140.36,1.1451
2025-05-18 18:47:34,LOW,BUY,2133,200.91,428541.03,,1.1451
2025-05-18 18:47:34,HD,BUY,1334,321.07,428307.38,,1.1451
2025-05-18 18:47:34,LOW,SELL,2390,200.91,480174.90,0.00,1.1451
2025-05-18 18:47:34,HD,BUY,1336,320.75,428522.00,,1.1451
2025-05-18 18:47:34,LOW,SELL,2390,200.91,480174.90,0.00,1.1451
2025-05-18 18:47:34,HD,SELL,746,320.84,239346.64,-157.10,1.1451
2025-05-18 18:47:34,LOW,BUY,2133,200.91,428541.03,,1.1451
2025-05-18 18:47:34,HD,BUY,1336,320.81,428602.16,,1.1451
2025-05-18 18:47:34,LOW,SELL,2390,200.91,480174.90,0.00,1.1451
2025-05-18 18:47:34,HD,SELL,746,320.98,239451.08,-30.02,1.1451
2025-05-18 18:47:34,LOW,BUY,2133,200.91,428541.03,,1.1451
2025-05-18 18:47:34,HD,SELL,746,321.07,239518.22,37.12,1.1451
2025-05-18 18:47:34,LOW,BUY,2133,200.91,428541.03,,1.1451
2025-05-18 18:47:34,HD,BUY,1484,321.06,476453.04,,1.1451
2025-05-18 18:47:34,HD,BUY,1485,320.87,476491.95,,1.1451
2025-05-18 18:47:34,HD,SELL,746,321.03,239488.38,17.42,1.1451
2025-05-18 18:47:34,HD,SELL,746,320.73,239264.58,-206.38,1.1451
2025-05-18 18:47:34,LOW,BUY,2372,200.91,476558.52,,1.1451
2025-05-18 18:47:34,HD,SELL,746,320.67,239219.82,-251.14,1.1451
2025-05-18 18:47:34,HD,SELL,746,320.93,239413.78,-57.18,1.1451
2025-05-18 18:47:34,LOW,BUY,2372,200.91,476558.52,,1.1451
2025-05-18 18:47:34,HD,SELL,746,320.92,239406.32,-64.64,1.1451
2025-05-18 18:47:34,HD,SELL,746,320.84,239346.64,-124.32,1.2792
2025-05-18 18:47:34,LOW,BUY,2372,200.91,476558.52,,1.2792
2025-05-18 18:47:34,HD,SELL,747,320.76,239607.72,-184.24,0.7582
2025-05-18 18:47:34,LOW,SELL,1195,200.91,240087.45,0.00,0.7338
2025-05-18 18:47:34,HD,SELL,747,320.80,239637.60,-154.36,0.7338
2025-05-18 18:47:34,LOW,BUY,2252,200.91,452449.32,,0.7338
2025-05-18 18:47:34,HD,SELL,747,320.88,239697.36,-94.60,0.7338
2025-05-18 18:47:34,LOW,BUY,2252,200.91,452449.32,,0.7338
2025-05-18 18:47:34,LOW,SELL,1195,200.91,240087.45,0.00,0.7699
2025-05-18 18:47:34,LOW,SELL,1195,200.91,240087.45,0.00,-1.5247
2025-05-18 18:47:34,HD,SELL,747,320.94,239742.18,-49.78,-1.5247
2025-05-18 18:47:34,LOW,BUY,2252,200.91,452449.32,,-1.5247
2025-05-18 18:47:34,HD,SELL,747,321.00,239787.00,-4.96,-1.5247
2025-05-18 18:47:34,LOW,BUY,2252,200.91,452449.32,,-1.5247
2025-05-18 18:47:34,LOW,SELL,1195,200.91,240087.45,0.00,-1.5247
2025-05-18 18:47:34,HD,BUY,1410,320.79,452313.90,,-1.5247
2025-05-18 18:47:34,LOW,SELL,1195,200.91,240087.45,0.00,-1.5247
2025-05-18 18:47:34,HD,SELL,747,320.81,239645.07,-103.57,-1.5247
2025-05-18 18:47:34,LOW,BUY,2252,200.91,452449.32,,-1.5247
2025-05-18 18:47:34,HD,SELL,747,320.95,239749.65,1.01,-1.5247
2025-05-18 18:47:34,LOW,SELL,1195,200.91,240087.45,0.00,-1.5247
2025-05-18 18:47:34,HD,BUY,1409,321.02,452324.22,,-1.5247
2025-05-18 18:47:34,LOW,SELL,1195,200.91,240087.45,0.00,-1.5247
2025-05-18 18:47:34,HD,SELL,747,321.10,239861.70,97.55,-1.5247
2025-05-18 18:47:34,LOW,BUY,2252,200.91,452449.32,,-1.5247
2025-05-18 18:47:34,LOW,SELL,1195,200.91,240087.45,0.00,-1.0541
2025-05-18 18:47:34,HD,SELL,747,321.10,239861.70,97.55,-1.0541
2025-05-18 18:47:34,LOW,BUY,2252,200.91,452449.32,,-1.0541
2025-05-18 18:47:34,LOW,SELL,1195,200.91,240087.45,0.00,-1.0541
2025-05-18 18:47:34,HD,SELL,747,320.95,239749.65,-14.50,-1.0541
2025-05-18 18:47:34,LOW,BUY,2252,200.91,452449.32,,-1.0541
2025-05-18 18:47:34,LOW,SELL,1195,200.91,240087.45,0.00,1.4951
2025-05-18 18:47:34,HD,SELL,747,320.89,239704.83,-59.32,1.4951
2025-05-18 18:47:34,LOW,BUY,2252,200.91,452449.32,,1.4951
2025-05-18 18:47:34,LOW,SELL,1195,200.91,240087.45,0.00,1.4951
2025-05-18 18:47:34,HD,SELL,747,320.84,239667.48,-96.67,1.4951
2025-05-18 18:47:34,LOW,BUY,2252,200.91,452449.32,,1.4951
2025-05-18 18:47:34,HD,SELL,747,320.86,239682.42,-81.73,1.4951
2025-05-18 18:47:34,LOW,BUY,2252,200.91,452449.32,,1.4951
2025-05-18 18:47:34,LOW,SELL,1195,200.91,240087.45,0.00,-0.5449
2025-05-18 18:47:34,HD,SELL,700,320.87,224609.00,-69.59,-0.5449
2025-05-18 18:47:34,LOW,BUY,2252,200.91,452449.32,,-0.5449
2025-05-18 18:47:34,LOW,SELL,1195,200.91,240087.45,0.00,-0.0272
2025-05-18 18:47:34,LOW,SELL,1195,200.91,240087.45,0.00,-0.0272
2025-05-18 18:47:34,LOW,BUY,192,200.92,38576.64,,-0.0272
2025-05-18 18:47:34,HD,BUY,120,320.94,38512.80,,-0.0272
2025-05-18 18:47:34,LOW,SELL,9678,200.83,1943632.74,-775.06,-0.0272
2025-05-18 18:47:34,HD,BUY,120,320.94,38512.80,,-0.0272
2025-05-18 18:47:34,LOW,SELL,9678,201.08,1946052.24,1644.44,-0.0272
2025-05-18 18:47:34,HD,SELL,240,320.94,77025.60,0.00,-0.0272
2025-05-18 18:47:34,LOW,BUY,74,200.94,14869.56,,-0.0272
2025-05-18 18:47:34,LOW,BUY,74,201.06,14878.44,,-0.0272
2025-05-18 18:47:34,HD,BUY,46,320.94,14763.24,,-0.0272
2025-05-18 18:47:34,LOW,SELL,3328,201.01,668961.28,319.21,-0.0272
2025-05-18 18:47:34,HD,SELL,46,320.94,14763.24,0.00,-0.0272
2025-05-18 18:47:34,LOW,BUY,74,200.95,14870.30,,-0.0272
2025-05-18 18:47:34,HD,BUY,46,320.94,14763.24,,-0.0272
2025-05-18 18:47:34,LOW,SELL,74,201.06,14878.44,8.14,-0.0272
2025-05-18 18:47:34,HD,SELL,46,320.94,14763.24,0.00,-0.0272
2025-05-18 18:47:34,LOW,BUY,74,200.76,14856.24,,-0.0272
2025-05-18 18:47:34,HD,BUY,121,320.94,38833.74,,-0.0272
2025-05-18 18:47:34,LOW,SELL,74,200.76,14856.24,0.00,-0.0272
2025-05-18 18:47:34,HD,BUY,121,320.94,38833.74,,-0.0272
2025-05-18 18:47:34,HD,SELL,242,320.94,77667.48,0.00,-0.0272
2025-05-18 18:47:34,LOW,BUY,194,200.84,38962.96,,-0.0272
2025-05-18 18:47:34,HD,BUY,121,320.94,38833.74,,-0.0272
2025-05-18 18:47:34,LOW,SELL,194,200.68,38931.92,-31.04,-0.0272
2025-05-18 18:47:34,HD,SELL,121,320.94,38833.74,0.00,-0.0272
2025-05-18 18:47:34,LOW,BUY,194,200.74,38943.56,,-0.0272
2025-05-18 18:47:34,LOW,BUY,194,200.56,38908.64,,-0.0272
2025-05-18 18:47:34,HD,BUY,121,320.94,38833.74,,-0.0272
2025-05-18 18:47:34,LOW,SELL,388,200.94,77964.72,112.52,-0.0272
2025-05-18 18:47:34,HD,SELL,121,320.94,38833.74,0.00,-0.0272
2025-05-18 18:47:34,LOW,BUY,194,200.48,38893.12,,-0.0272
2025-05-18 18:47:34,HD,BUY,121,320.94,38833.74,,-0.0272
2025-05-18 18:47:34,LOW,SELL,194,200.52,38900.88,7.76,-0.0272
2025-05-18 18:47:34,HD,SELL,121,320.94,38833.74,0.00,-0.0272
2025-05-18 18:47:34,LOW,BUY,194,200.40,38877.60,,-0.0272
2025-05-18 18:47:34,HD,BUY,121,320.94,38833.74,,-0.0272
2025-05-18 18:47:34,LOW,SELL,194,200.56,38908.64,31.04,-0.0272
2025-05-18 18:47:34,HD,BUY,121,320.94,38833.74,,-0.0272
2025-05-18 18:47:34,HD,SELL,242,320.94,77667.48,0.00,-0.0272
2025-05-18 18:47:34,LOW,BUY,194,200.51,38898.94,,-0.0272
2025-05-18 18:47:34,HD,BUY,121,320.94,38833.74,,-0.0272
2025-05-18 18:47:34,LOW,SELL,194,200.52,38900.88,1.94,-0.0272
2025-05-18 18:47:34,HD,SELL,121,320.94,38833.74,0.00,-0.0272
2025-05-18 18:47:34,LOW,BUY,194,200.47,38891.18,,-0.0272
2025-05-18 18:47:34,HD,BUY,121,320.94,38833.74,,-0.0272
2025-05-18 18:47:34,LOW,SELL,194,200.70,38935.80,44.62,-0.0272
2025-05-18 18:47:34,HD,SELL,121,320.94,38833.74,0.00,-0.0272
2025-05-18 18:47:34,LOW,BUY,194,200.71,38937.74,,-0.0272
2025-05-18 18:47:34,HD,BUY,121,320.94,38833.74,,-0.0272
2025-05-18 18:47:34,LOW,SELL,194,200.72,38939.68,1.94,-0.0272
2025-05-18 18:47:34,HD,SELL,121,320.94,38833.74,0.00,-0.0272
2025-05-18 18:47:34,LOW,BUY,194,200.36,38869.84,,-0.0272
2025-05-18 18:47:34,LOW,BUY,194,200.49,38895.06,,-0.0272
2025-05-18 18:47:34,HD,BUY,121,320.94,38833.74,,-0.0272
2025-05-18 18:47:34,LOW,SELL,388,200.71,77875.48,110.58,-0.0272
2025-05-18 18:47:34,HD,SELL,121,320.94,38833.74,0.00,-0.0272
2025-05-18 18:47:34,LOW,BUY,194,200.43,38883.42,,-0.0272
2025-05-18 18:47:34,HD,BUY,121,320.94,38833.74,,-0.0272
2025-05-18 18:47:34,LOW,SELL,194,200.45,38887.30,3.88,-0.0272
2025-05-18 18:47:34,HD,BUY,121,320.94,38833.74,,-0.0272
2025-05-18 18:47:34,HD,SELL,242,320.94,77667.48,0.00,-0.0272
2025-05-18 18:47:34,LOW,BUY,194,200.43,38883.42,,-0.0272
2025-05-18 18:47:34,LOW,BUY,194,200.14,38827.16,,-0.0272
2025-05-18 18:47:34,HD,BUY,63,320.94,20219.22,,-0.0272
2025-05-18 18:47:34,LOW,SELL,388,200.11,77642.68,-67.90,-0.0272
2025-05-18 18:47:34,HD,SELL,63,320.94,20219.22,0.00,-0.0272
2025-05-18 18:47:34,LOW,BUY,102,200.07,20407.14,,-0.0272
2025-05-18 18:47:34,HD,BUY,63,320.94,20219.22,,-0.0272
2025-05-18 18:47:34,LOW,SELL,102,200.20,20420.40,13.26,-0.0272
2025-05-18 18:47:34,HD,BUY,63,320.94,20219.22,,-0.0272
2025-05-18 18:47:34,HD,SELL,126,320.94,40438.44,0.00,-0.0272
2025-05-18 18:47:34,LOW,BUY,102,200.25,20425.50,,-0.0272
2025-05-18 18:47:34,HD,BUY,63,320.94,20219.22,,-0.0272
2025-05-18 18:47:34,LOW,SELL,102,200.31,20431.62,6.12,-0.0272
2025-05-18 18:47:34,HD,SELL,63,320.94,20219.22,0.00,-0.0272
2025-05-18 18:47:34,LOW,BUY,102,200.19,20419.38,,-0.0272
2025-05-18 18:47:34,LOW,BUY,102,200.07,20407.14,,-0.0272
2025-05-18 18:47:34,HD,BUY,63,320.94,20219.22,,-0.0272
2025-05-18 18:47:34,LOW,SELL,204,200.08,40816.32,-10.20,-0.0272
2025-05-18 18:47:34,HD,BUY,63,320.94,20219.22,,-0.0272
2025-05-18 18:47:34,HD,SELL,126,320.94,40438.44,0.00,-0.0272
2025-05-18 18:47:34,LOW,BUY,101,200.51,20251.51,,-0.0272
2025-05-18 18:47:34,LOW,BUY,102,200.10,20410.20,,-0.0272
2025-05-18 18:47:34,HD,BUY,63,320.94,20219.22,,-0.0272
2025-05-18 18:47:34,LOW,SELL,203,200.07,40614.21,-47.50,-0.0272
2025-05-18 18:47:34,HD,BUY,63,320.94,20219.22,,-0.0272
2025-05-18 18:47:34,HD,SELL,126,320.94,40438.44,0.00,-0.0272
2025-05-18 18:47:34,LOW,BUY,102,200.09,20409.18,,-0.0272
2025-05-18 18:47:34,LOW,BUY,102,200.00,20400.00,,-0.0272
2025-05-18 18:47:34,HD,BUY,63,320.94,20219.22,,-0.0272
2025-05-18 18:47:34,LOW,SELL,204,199.99,40797.96,-11.22,-0.0272
2025-05-18 18:47:34,HD,BUY,63,320.94,20219.22,,-0.0272
2025-05-18 18:47:34,HD,SELL,126,320.94,40438.44,0.00,-0.0272
2025-05-18 18:47:34,LOW,BUY,102,200.00,20400.00,,-0.0272
2025-05-18 18:47:34,LOW,BUY,102,199.96,20395.92,,-0.0272
2025-05-18 18:47:34,HD,BUY,63,320.94,20219.22,,-0.0272
2025-05-18 18:47:34,LOW,SELL,204,200.46,40893.84,97.92,-0.0272
2025-05-18 18:47:34,HD,SELL,63,320.94,20219.22,0.00,-0.0272
2025-05-18 18:47:34,LOW,BUY,102,200.02,20402.04,,-0.0272
2025-05-18 18:47:34,HD,BUY,138,320.94,44289.72,,-0.0272
2025-05-18 18:47:34,LOW,SELL,102,200.02,20402.04,0.00,-0.0272
2025-05-18 18:47:34,HD,SELL,138,320.94,44289.72,0.00,-0.0272
2025-05-18 18:47:34,LOW,BUY,222,200.00,44400.00,,-0.0272
2025-05-18 18:47:34,HD,BUY,138,320.94,44289.72,,-0.0272
2025-05-18 18:47:34,LOW,SELL,222,200.09,44419.98,19.98,-0.0272
2025-05-18 18:47:34,HD,BUY,138,320.94,44289.72,,-0.0272
2025-05-18 18:47:34,HD,SELL,276,320.94,88579.44,0.00,-0.0272
2025-05-18 18:47:34,LOW,BUY,222,200.01,44402.22,,-0.0272
2025-05-18 18:47:34,LOW,BUY,222,199.97,44393.34,,-0.0272
2025-05-18 18:47:34,HD,BUY,40,320.94,12837.60,,-0.0272
2025-05-18 18:47:34,LOW,SELL,444,199.96,88782.24,-13.32,-0.0272
2025-05-18 18:47:34,HD,BUY,40,320.94,12837.60,,-0.0272
2025-05-18 18:47:34,HD,SELL,80,320.94,25675.20,0.00,-0.0272
2025-05-18 18:47:34,LOW,BUY,64,199.94,12796.16,,-0.0272
2025-05-18 18:47:34,HD,BUY,40,320.94,12837.60,,-0.0272
2025-05-18 18:47:34,LOW,SELL,64,200.14,12808.96,12.80,-0.0272
2025-05-18 18:47:34,HD,SELL,40,320.94,12837.60,0.00,-0.0272
2025-05-18 18:47:34,LOW,BUY,91,200.13,18211.83,,-0.0272
2025-05-18 18:47:34,HD,BUY,57,320.94,18293.58,,-0.0272
2025-05-18 18:47:34,LOW,SELL,91,200.24,18221.84,10.01,-0.0272
2025-05-18 18:47:34,HD,SELL,57,320.94,18293.58,0.00,-0.0272
2025-05-18 18:47:34,LOW,BUY,91,200.25,18222.75,,-0.0272
2025-05-18 18:47:34,HD,BUY,57,320.94,18293.58,,-0.0272
2025-05-18 18:47:34,LOW,SELL,91,200.28,18225.48,2.73,-0.0272
2025-05-18 18:47:34,HD,SELL,57,320.94,18293.58,0.00,-0.0272
2025-05-18 18:47:34,LOW,BUY,91,200.23,18220.93,,-0.0272
2025-05-18 18:47:34,LOW,BUY,91,200.13,18211.83,,-0.0272
2025-05-18 18:47:34,HD,BUY,8,320.94,2567.52,,-0.0272
2025-05-18 18:47:34,LOW,SELL,182,200.09,36416.38,-16.38,-0.0272
2025-05-18 18:47:34,HD,BUY,8,320.94,2567.52,,-0.0272
2025-05-18 18:47:34,HD,SELL,16,320.94,5135.04,0.00,-0.0272
2025-05-18 18:47:34,LOW,BUY,12,200.22,2402.64,,-0.0272
2025-05-18 18:47:34,LOW,BUY,12,200.21,2402.52,,-0.0272
2025-05-18 18:47:34,HD,BUY,8,320.94,2567.52,,-0.0272
2025-05-18 18:47:34,LOW,SELL,24,200.27,4806.48,1.32,-0.0272
2025-05-18 18:47:34,HD,SELL,8,320.94,2567.52,0.00,-0.0272
2025-05-18 18:47:34,LOW,BUY,12,200.10,2401.20,,-0.0272
2025-05-18 18:47:34,HD,BUY,8,320.94,2567.52,,-0.0272
2025-05-18 18:47:34,LOW,SELL,12,200.16,2401.92,0.72,-0.0272
2025-05-18 18:47:34,HD,BUY,8,320.94,2567.52,,-0.0272
2025-05-18 18:47:34,LOW,BUY,138,200.22,27630.36,,-0.0272
2025-05-18 18:47:34,AMD,BUY,5778,86.11,497543.58,,-2.0000
2025-05-18 18:47:34,NVDA,BUY,803,619.40,497378.20,,-2.0000
2025-05-18 18:47:34,AMD,BUY,5778,86.11,497543.58,,-2.0000
2025-05-18 18:47:34,NVDA,BUY,802,620.00,497240.00,,-2.0000
2025-05-18 18:47:34,AMD,BUY,5778,86.11,497543.58,,-2.0000
2025-05-18 18:47:34,AMD,SELL,17334,86.11,1492630.74,0.00,-1.1448
2025-05-18 18:47:34,NVDA,BUY,401,620.09,248656.09,,-1.1448
2025-05-18 18:47:34,AMD,BUY,2890,86.11,248857.90,,-1.1448
2025-05-18 18:47:34,NVDA,SELL,1605,620.19,995404.95,661.56,-1.1448
2025-05-18 18:47:34,AMD,SELL,2890,86.11,248857.90,0.00,-1.1448
2025-05-18 18:47:34,NVDA,BUY,401,620.30,248740.30,,-1.1448
2025-05-18 18:47:34,AMD,BUY,2890,86.11,248857.90,,-1.1448
2025-05-18 18:47:34,NVDA,SELL,802,620.25,497440.50,169.30,-2.8333
2025-05-18 18:47:34,AMD,SELL,2890,86.11,248857.90,0.00,1.1435
2025-05-18 18:47:34,NVDA,BUY,401,620.00,248620.00,,1.1435
2025-05-18 18:47:34,AMD,BUY,2890,86.11,248857.90,,1.1435
2025-05-18 18:47:34,NVDA,SELL,401,620.76,248924.76,304.76,0.9765
2025-05-18 18:47:34,AMD,SELL,2890,86.11,248857.90,0.00,1.0000
2025-05-18 18:47:34,NVDA,BUY,401,620.00,248620.00,,1.0000
2025-05-18 18:47:34,AMD,BUY,2890,86.11,248857.90,,1.0000
2025-05-18 18:47:34,NVDA,SELL,401,620.17,248688.17,68.17,-1.2618
2025-05-18 18:47:34,AMD,SELL,2890,86.11,248857.90,0.00,-1.2618
2025-05-18 18:47:34,NVDA,BUY,682,620.18,422962.76,,-1.2618
2025-05-18 18:47:34,AMD,BUY,4913,86.11,423058.43,,-1.2618
2025-05-18 18:47:34,NVDA,SELL,682,620.17,422955.94,-6.82,-1.1795
2025-05-18 18:47:34,AMD,SELL,2890,86.15,248973.50,115.60,-1.1795
2025-05-18 18:47:34,NVDA,BUY,762,620.01,472447.62,,-1.1795
2025-05-18 18:47:34,AMD,BUY,5497,86.00,472742.00,,-1.1795
2025-05-18 18:47:34,AMD,SELL,2890,86.04,248655.60,30.08,-1.1795
2025-05-18 18:47:34,NVDA,BUY,762,620.01,472447.62,,-1.1795
2025-05-18 18:47:34,AMD,BUY,5510,85.80,472758.00,,-1.1795
2025-05-18 18:47:34,AMD,SELL,2890,85.79,247933.10,-331.87,-1.1795
2025-05-18 18:47:34,NVDA,BUY,762,620.01,472447.62,,-1.1795
2025-05-18 18:47:34,AMD,SELL,2890,85.71,247701.90,-563.07,-1.1795
2025-05-18 18:47:34,NVDA,BUY,762,620.01,472447.62,,-1.1795
2025-05-18 18:47:34,AMD,BUY,5520,85.65,472788.00,,-1.1795
2025-05-18 18:47:34,AMD,SELL,2890,85.68,247615.20,-238.30,-1.1795
2025-05-18 18:47:34,NVDA,BUY,762,620.01,472447.62,,-1.1795
2025-05-18 18:47:34,AMD,BUY,5521,85.64,472818.44,,-1.1795
2025-05-18 18:47:34,AMD,SELL,2890,85.66,247557.40,-139.93,-1.1795
2025-05-18 18:47:34,NVDA,BUY,762,620.01,472447.62,,-1.1795
2025-05-18 18:47:34,AMD,BUY,5520,85.65,472788.00,,-1.1795
2025-05-18 18:47:34,AMD,SELL,2890,85.66,247557.40,-78.38,-1.1795
2025-05-18 18:47:34,NVDA,BUY,762,620.01,472447.62,,-1.1795
2025-05-18 18:47:34,AMD,BUY,5520,85.65,472788.00,,-1.1795
2025-05-18 18:47:34,AMD,SELL,2890,85.65,247528.50,-73.95,-1.2524
2025-05-18 18:47:34,AMD,SELL,2890,85.68,247615.20,12.75,0.6030
2025-05-18 18:47:34,NVDA,BUY,762,620.01,472447.62,,0.6030
2025-05-18 18:47:34,AMD,SELL,2890,85.70,247673.00,70.55,-1.8581
2025-05-18 18:47:34,NVDA,SELL,401,620.01,248624.01,-0.00,-1.1344
2025-05-18 18:47:34,AMD,SELL,2890,85.75,247817.50,215.05,-1.1344
2025-05-18 18:47:34,NVDA,BUY,722,620.01,447647.22,,-1.1344
2025-05-18 18:47:34,AMD,SELL,2890,85.84,248077.60,475.15,-1.1344
2025-05-18 18:47:34,NVDA,BUY,722,620.01,447647.22,,-1.1344
2025-05-18 18:47:34,NVDA,SELL,401,620.01,248624.01,0.00,-1.1344
2025-05-18 18:47:34,AMD,SELL,2890,85.84,248077.60,475.15,-1.1344
2025-05-18 18:47:34,NVDA,BUY,722,620.01,447647.22,,-1.1344
2025-05-18 18:47:34,AMD,SELL,431,85.86,37005.66,79.48,0.7039
2025-05-18 18:47:35,NVDA,SELL,401,620.01,248624.01,0.00,0.4685
2025-05-18 18:47:35,AMD,BUY,5210,85.97,447903.70,,0.4685
2025-05-18 18:47:35,NVDA,SELL,401,620.01,248624.01,0.00,0.4685
2025-05-18 18:47:35,AMD,SELL,2890,86.00,248540.00,86.70,0.4685
2025-05-18 18:47:35,NVDA,BUY,722,620.01,447647.22,,0.4685
2025-05-18 18:47:35,NVDA,SELL,401,620.01,248624.01,0.00,-1.7420
2025-05-18 18:47:35,AMD,SELL,2320,85.99,199496.80,46.40,-1.1388
2025-05-18 18:47:35,NVDA,BUY,722,620.01,447647.22,,-1.1388
2025-05-18 18:47:35,NVDA,SELL,401,620.01,248624.01,0.00,0.2673
2025-05-18 18:47:35,AMD,BUY,5210,85.98,447955.80,,0.2673
2025-05-18 18:47:35,NVDA,SELL,401,620.01,248624.01,0.00,0.2673
2025-05-18 18:47:35,AMD,SELL,2890,86.00,248540.00,57.80,0.2673
2025-05-18 18:47:35,NVDA,BUY,722,620.01,447647.22,,0.2673
2025-05-18 18:47:35,NVDA,SELL,401,620.01,248624.01,0.00,-1.0000
2025-05-18 18:47:35,AMD,SELL,2320,85.89,199264.80,-208.80,-0.5443
2025-05-18 18:47:35,NVDA,BUY,722,620.01,447647.22,,-0.5443
2025-05-18 18:47:35,NVDA,SELL,401,623.51,250027.51,1403.50,-0.6975
2025-05-18 18:47:35,NVDA,SELL,682,623.85,425465.70,2618.88,-1.8889
2025-05-18 18:47:35,NVDA,BUY,662,623.75,412922.50,,-1.8889
2025-05-18 18:47:35,NVDA,SELL,682,623.78,425417.96,2346.63,-0.9058
2025-05-18 18:47:35,NVDA,BUY,662,623.38,412677.56,,-0.9058
2025-05-18 18:47:35,NVDA,SELL,682,623.37,425138.34,1883.98,-0.9058
2025-05-18 18:47:35,AMD,BUY,4815,85.80,413102.92,,-0.9058
2025-05-18 18:47:35,NVDA,SELL,682,623.48,425213.36,1959.00,-0.9058
2025-05-18 18:47:35,AMD,SELL,4815,85.80,413102.92,0.00,-0.6514
2025-05-18 18:47:35,NVDA,BUY,23,623.48,14340.04,,-0.6514
2025-05-18 18:47:35,AMD,BUY,170,85.80,14585.15,,-0.6514
2025-05-18 18:47:35,NVDA,SELL,5334,623.59,3326229.06,15851.12,-0.6514
2025-05-18 18:47:35,AMD,SELL,170,85.80,14585.15,0.00,2.8577
2025-05-18 18:47:35,NVDA,BUY,23,623.37,14337.51,,2.8577
2025-05-18 18:47:35,NVDA,BUY,23,623.32,14336.36,,2.8577
2025-05-18 18:47:35,AMD,BUY,170,85.80,14585.15,,2.8577
2025-05-18 18:47:35,NVDA,SELL,872,623.50,543692.00,2387.43,0.0937
2025-05-18 18:47:35,AMD,SELL,170,85.80,14585.15,0.00,1.8226
2025-05-18 18:47:35,NVDA,BUY,23,623.05,14330.15,,1.8226
2025-05-18 18:47:35,AMD,BUY,170,85.80,14585.15,,1.8226
2025-05-18 18:47:35,NVDA,SELL,23,623.48,14340.04,9.89,-0.9169
2025-05-18 18:47:35,AMD,SELL,170,85.80,14585.15,0.00,0.7778
2025-05-18 18:47:35,NVDA,BUY,23,623.05,14330.15,,0.7778
2025-05-18 18:47:35,AMD,BUY,170,85.80,14585.15,,0.7778
2025-05-18 18:47:35,NVDA,SELL,23,623.10,14331.30,1.15,-1.0932
2025-05-18 18:47:35,AMD,SELL,170,85.80,14585.15,0.00,1.8371
2025-05-18 18:47:35,NVDA,BUY,23,622.91,14326.93,,1.8371
2025-05-18 18:47:35,AMD,BUY,170,85.80,14585.15,,1.8371
2025-05-18 18:47:35,NVDA,SELL,23,623.45,14339.35,12.42,-0.7500
2025-05-18 18:47:35,AMD,BUY,170,85.80,14585.15,,-0.7500
2025-05-18 18:47:35,AMD,SELL,340,85.80,29170.30,0.00,0.1429
2025-05-18 18:47:35,NVDA,BUY,23,622.95,14327.85,,0.1429
2025-05-18 18:47:35,NVDA,BUY,23,624.01,14352.23,,0.1429
2025-05-18 18:47:35,AMD,BUY,170,85.80,14585.15,,0.1429
2025-05-18 18:47:35,NVDA,SELL,46,624.04,28705.84,25.76,-0.6202
2025-05-18 18:47:35,AMD,SELL,170,85.80,14585.15,0.00,0.9608
2025-05-18 18:47:35,NVDA,BUY,23,623.96,14351.08,,0.9608
2025-05-18 18:47:35,AMD,BUY,170,85.80,14585.15,,0.9608
2025-05-18 18:47:35,NVDA,SELL,23,624.04,14352.92,1.84,1.2857
2025-05-18 18:47:35,AMD,BUY,170,85.80,14585.15,,1.2857
2025-05-18 18:47:35,AMD,SELL,340,85.80,29170.30,0.00,-1.1142
2025-05-18 18:47:35,NVDA,BUY,23,624.02,14352.46,,-1.1142
2025-05-18 18:47:35,AMD,BUY,170,85.80,14585.15,,-1.1142
2025-05-18 18:47:35,NVDA,SELL,23,624.33,14359.59,7.13,1.0000
2025-05-18 18:47:35,AMD,SELL,170,85.80,14585.15,0.00,1.4444
2025-05-18 18:47:35,NVDA,BUY,23,624.28,14358.44,,1.4444
2025-05-18 18:47:35,NVDA,BUY,23,624.04,14352.92,,1.4444
2025-05-18 18:47:35,AMD,BUY,170,85.80,14585.15,,1.4444
2025-05-18 18:47:35,NVDA,SELL,46,624.82,28741.72,30.36,0.9129
2025-05-18 18:47:35,AMD,BUY,170,85.80,14585.15,,0.9129
2025-05-18 18:47:35,AMD,SELL,340,85.80,29170.30,0.00,-0.9045
2025-05-18 18:47:35,NVDA,BUY,63,625.00,39375.00,,-0.9045
2025-05-18 18:47:35,AMD,BUY,459,85.80,39379.90,,-0.9045
2025-05-18 18:47:35,NVDA,SELL,63,625.00,39375.00,0.00,-0.9045
2025-05-18 18:47:35,AMD,SELL,459,85.80,39379.90,0.00,-2.0426
2025-05-18 18:47:35,NVDA,BUY,27,624.90,16872.30,,-2.0426
2025-05-18 18:47:35,NVDA,BUY,27,624.90,16872.30,,-2.0426
2025-05-18 18:47:35,AMD,BUY,197,85.80,16901.62,,-2.0426
2025-05-18 18:47:35,NVDA,SELL,54,624.80,33739.20,-5.40,-2.0426
2025-05-18 18:47:35,AMD,BUY,197,85.80,16901.62,,-2.0426
2025-05-18 18:47:35,AMD,SELL,394,85.80,33803.23,0.00,1.3242
2025-05-18 18:47:35,NVDA,BUY,27,624.98,16874.46,,1.3242
2025-05-18 18:47:35,NVDA,BUY,27,624.99,16874.73,,1.3242
2025-05-18 18:47:35,AMD,BUY,197,85.80,16901.62,,1.3242
2025-05-18 18:47:35,NVDA,SELL,54,624.99,33749.46,0.27,-0.9012
2025-05-18 18:47:35,AMD,SELL,197,85.80,16901.62,0.00,0.0000
2025-05-18 18:47:35,NVDA,BUY,27,624.98,16874.46,,0.0000
2025-05-18 18:47:35,AMD,BUY,197,85.80,16901.62,,0.0000
2025-05-18 18:47:35,NVDA,SELL,27,625.01,16875.27,0.81,0.0000
2025-05-18 18:47:35,AMD,SELL,197,85.80,16901.62,0.00,0.0000
2025-05-18 18:47:35,NVDA,BUY,27,624.95,16873.65,,0.0000
2025-05-18 18:47:35,AMD,BUY,197,85.80,16901.62,,0.0000
2025-05-18 18:47:35,NVDA,SELL,27,624.99,16874.73,1.08,0.0000
2025-05-18 18:47:35,AMD,BUY,197,85.80,16901.62,,0.0000
2025-05-18 18:47:35,AMD,SELL,394,85.80,33803.23,0.00,0.0000
2025-05-18 18:47:35,NVDA,BUY,27,625.02,16875.54,,0.0000
2025-05-18 18:47:35,NVDA,BUY,27,624.85,16870.95,,0.0000
2025-05-18 18:47:35,AMD,BUY,197,85.80,16901.62,,0.0000
2025-05-18 18:47:35,NVDA,SELL,54,624.98,33748.92,2.43,0.0000
2025-05-18 18:47:35,AMD,BUY,197,85.80,16901.62,,0.0000
2025-05-18 18:47:35,AMD,SELL,394,85.80,33803.23,0.00,0.0000
2025-05-18 18:47:35,NVDA,BUY,27,625.02,16875.54,,0.0000
2025-05-18 18:47:35,NVDA,BUY,27,625.55,16889.85,,0.0000
2025-05-18 18:47:35,AMD,BUY,485,85.80,41610.58,,0.0000
2025-05-18 18:47:35,NVDA,SELL,54,626.00,33804.00,38.61,0.0000
2025-05-18 18:47:35,AMD,BUY,485,85.80,41610.58,,0.0000
2025-05-18 18:47:35,AMD,SELL,431,85.80,36977.65,-0.00,0.0000
2025-05-18 18:47:35,NVDA,BUY,50,626.53,31326.50,,0.0000
2025-05-18 18:47:35,AMD,BUY,367,85.80,31486.76,,0.0000
2025-05-18 18:47:35,NVDA,SELL,50,626.70,31335.00,8.50,0.0000
2025-05-18 18:47:35,AMD,SELL,431,85.80,36977.65,0.00,0.0000
2025-05-18 18:47:35,NVDA,BUY,50,626.00,31300.00,,0.0000
2025-05-18 18:47:35,AMD,SELL,431,85.80,36977.65,0.00,0.0000
2025-05-18 18:47:35,NVDA,BUY,50,626.46,31323.00,,0.0000
2025-05-18 18:47:35,AMD,BUY,367,85.80,31486.76,,0.0000
2025-05-18 18:47:35,NVDA,SELL,100,625.95,62595.00,-28.00,0.0000
2025-05-18 18:47:35,AMD,SELL,411,85.80,35261.75,0.00,0.0000
2025-05-18 18:47:35,NVDA,BUY,50,625.23,31261.50,,0.0000
2025-05-18 18:47:35,AMD,BUY,367,85.80,31486.76,,0.0000
2025-05-18 18:47:35,NVDA,SELL,50,625.49,31274.50,13.00,0.0000
2025-05-18 18:47:35,AMD,BUY,367,85.80,31486.76,,0.0000
2025-05-18 18:47:35,AMD,SELL,431,85.80,36977.65,0.00,0.0000
2025-05-18 18:47:35,NVDA,BUY,50,625.55,31277.50,,0.0000
2025-05-18 18:47:35,AMD,SELL,303,85.80,25995.89,0.00,0.0000
2025-05-18 18:47:35,NVDA,BUY,50,625.00,31250.00,,0.0000
2025-05-18 18:47:35,AMD,BUY,367,85.80,31486.76,,0.0000
2025-05-18 18:47:35,NVDA,SELL,100,626.26,62626.00,98.50,0.0000
2025-05-18 18:47:35,AMD,BUY,367,85.80,31486.76,,0.0000
2025-05-18 18:47:35,AMD,SELL,431,85.80,36977.65,0.00,0.0000
2025-05-18 18:47:35,NVDA,BUY,50,626.68,31334.00,,0.0000
2025-05-18 18:47:35,AMD,SELL,303,85.80,25995.89,0.00,0.0000
2025-05-18 18:47:35,NVDA,BUY,50,626.54,31327.00,,0.0000
2025-05-18 18:47:35,AMD,BUY,367,85.80,31486.76,,0.0000
2025-05-18 18:47:35,NVDA,SELL,100,626.65,62665.00,4.00,0.0000
2025-05-18 18:47:35,AMD,BUY,367,85.80,31486.76,,0.0000
2025-05-18 18:47:35,AMD,SELL,431,85.80,36977.65,0.00,0.0000
2025-05-18 18:47:35,NVDA,BUY,50,626.56,31328.00,,0.0000
2025-05-18 18:47:35,AMD,SELL,303,85.80,25995.89,0.00,0.0000
2025-05-18 18:47:35,NVDA,BUY,50,626.28,31314.00,,0.0000
2025-05-18 18:47:35,AMD,BUY,367,85.80,31486.76,,0.0000
2025-05-18 18:47:35,NVDA,SELL,100,626.01,62601.00,-41.00,0.8647
2025-05-18 18:47:35,AMD,SELL,367,85.80,31486.76,0.00,1.4959
2025-05-18 18:47:35,NVDA,BUY,50,626.00,31300.00,,1.4959
2025-05-18 18:47:35,AMD,BUY,367,85.80,31486.76,,1.4959
2025-05-18 18:47:35,NVDA,SELL,50,626.70,31335.00,35.00,-0.7755
2025-05-18 18:47:35,AMD,BUY,367,85.80,31486.76,,-0.7755
2025-05-18 18:47:35,AMD,SELL,431,85.80,36977.65,0.00,-0.7755
2025-05-18 18:47:35,NVDA,BUY,50,626.18,31309.00,,-0.7755
2025-05-18 18:47:35,AMD,SELL,303,85.80,25995.89,0.00,-0.8462
2025-05-18 18:47:35,NVDA,BUY,50,625.99,31299.50,,-0.8462
2025-05-18 18:47:35,AMD,BUY,410,85.80,35175.95,,-0.8462
2025-05-18 18:47:35,NVDA,SELL,100,626.05,62605.00,-3.50,-1.0000
2025-05-18 18:47:35,NVDA,BUY,56,625.90,35050.40,,-1.0000
2025-05-18 18:47:35,AMD,BUY,410,85.80,35175.95,,-1.0000
2025-05-18 18:47:35,NVDA,SELL,56,625.88,35049.28,-1.12,-2.0000
2025-05-18 18:47:35,AMD,BUY,410,85.80,35175.95,,-2.0000
2025-05-18 18:47:35,NVDA,BUY,56,626.08,35060.48,,-2.0000
2025-05-18 18:47:35,NVDA,BUY,56,625.63,35035.28,,-2.0000
2025-05-18 18:47:35,AMD,BUY,410,85.80,35175.95,,-2.0000
2025-05-18 18:47:35,NVDA,SELL,112,625.34,70038.08,-57.68,-0.9045
2025-05-18 18:47:35,AMD,BUY,410,85.80,35175.95,,-0.9045
2025-05-18 18:47:35,NVDA,BUY,56,625.46,35025.76,,-0.9045
2025-05-18 18:47:35,NVDA,BUY,56,625.34,35019.04,,-0.9045
2025-05-18 18:47:35,AMD,BUY,410,85.80,35175.95,,-0.9045
2025-05-18 18:47:35,NVDA,SELL,112,625.30,70033.60,-11.20,-1.5275
2025-05-18 18:47:35,NVDA,BUY,56,625.23,35012.88,,-1.5275
2025-05-18 18:47:35,AMD,BUY,410,85.80,35175.95,,-1.5275
2025-05-18 18:47:35,NVDA,SELL,56,625.43,35024.08,11.20,-1.5275
2025-05-18 18:47:35,AMD,BUY,410,85.80,35175.95,,-1.5275
2025-05-18 18:47:35,NVDA,BUY,56,625.73,35040.88,,-1.5275
2025-05-18 18:47:35,AMD,BUY,410,85.80,35175.95,,-1.5275
2025-05-18 18:47:35,NVDA,SELL,56,626.45,35081.20,40.32,-1.5275
2025-05-18 18:47:35,NVDA,BUY,56,625.96,35053.76,,-1.5275
2025-05-18 18:47:35,NVDA,BUY,56,625.35,35019.60,,-1.5275
2025-05-18 18:47:35,AMD,BUY,410,85.80,35175.95,,-1.5275
2025-05-18 18:47:35,NVDA,SELL,112,625.64,70071.68,-1.68,-1.5275
2025-05-18 18:47:35,AMD,BUY,410,85.80,35175.95,,-1.5275
2025-05-18 18:47:35,NVDA,BUY,56,626.07,35059.92,,-1.5275
2025-05-18 18:47:35,NVDA,BUY,56,625.81,35045.36,,-1.5275
2025-05-18 18:47:35,AMD,BUY,410,85.80,35175.95,,-1.5275
2025-05-18 18:47:35,NVDA,SELL,112,625.72,70080.64,-24.64,-1.5275
2025-05-18 18:47:35,NVDA,BUY,56,625.32,35017.92,,-1.5275
2025-05-18 18:47:35,AMD,BUY,410,85.80,35175.95,,-1.5275
2025-05-18 18:47:35,NVDA,SELL,56,625.06,35003.36,-14.56,-1.5275
2025-05-18 18:47:35,AMD,BUY,410,85.80,35175.95,,-1.5275
2025-05-18 18:47:35,NVDA,BUY,56,624.95,34997.20,,-1.5275
2025-05-18 18:47:35,NVDA,BUY,56,624.95,34997.20,,-1.5275
2025-05-18 18:47:35,AMD,BUY,410,85.80,35175.95,,-1.5275
2025-05-18 18:47:35,NVDA,SELL,112,624.89,69987.68,-6.72,-1.5275
2025-05-18 18:47:35,AMD,BUY,410,85.80,35175.95,,-1.5275
2025-05-18 18:47:35,NVDA,BUY,56,624.82,34989.92,,-1.5275
2025-05-18 18:47:35,AMD,BUY,410,85.80,35175.95,,-1.5275
2025-05-18 18:47:35,NVDA,SELL,56,625.45,35025.20,35.28,-1.5275
2025-05-18 18:47:35,NVDA,BUY,56,624.67,34981.52,,-1.5275
2025-05-18 18:47:35,AMD,BUY,410,85.80,35175.95,,-1.5275
2025-05-18 18:47:35,NVDA,SELL,56,625.13,35007.28,25.76,-1.5275
2025-05-18 18:47:35,NVDA,BUY,56,625.05,35002.80,,-1.5275
2025-05-18 18:47:35,AMD,BUY,410,85.80,35175.95,,-1.5275
2025-05-18 18:47:35,NVDA,SELL,56,625.35,35019.60,16.80,-1.5275
2025-05-18 18:47:35,NVDA,BUY,56,625.37,35020.72,,-1.5275
2025-05-18 18:47:35,NVDA,BUY,56,625.27,35015.12,,-1.5275
2025-05-18 18:47:35,AMD,BUY,410,85.80,35175.95,,-1.5275
2025-05-18 18:47:35,NVDA,SELL,112,625.41,70045.92,10.08,-1.5275
2025-05-18 18:47:35,AMD,BUY,410,85.80,35175.95,,-1.5275
2025-05-18 18:47:35,NVDA,BUY,56,625.45,35025.20,,-1.5275
2025-05-18 18:47:35,AMD,BUY,410,85.80,35175.95,,-1.5275
2025-05-18 18:47:35,NVDA,SELL,56,625.71,35039.76,14.56,-1.5275
2025-05-18 18:47:35,NVDA,BUY,56,625.46,35025.76,,-1.5275
2025-05-18 18:47:35,AMD,BUY,410,85.80,35175.95,,-1.5275
2025-05-18 18:47:35,NVDA,SELL,56,625.28,35015.68,-10.08,-1.5275
2025-05-18 18:47:35,NVDA,BUY,56,625.22,35012.32,,-1.5275
2025-05-18 18:47:35,NVDA,BUY,56,625.16,35008.96,,-1.5275
2025-05-18 18:47:35,AMD,BUY,410,85.80,35175.95,,-1.5275
2025-05-18 18:47:35,NVDA,SELL,112,625.12,70013.44,-7.84,-0.6547
2025-05-18 18:47:35,AMD,BUY,410,85.80,35175.95,,-0.6547
2025-05-18 18:47:35,NVDA,BUY,56,625.40,35022.40,,-0.6547
2025-05-18 18:47:35,NVDA,BUY,56,625.27,35015.12,,-0.6547
2025-05-18 18:47:35,AMD,BUY,410,85.80,35175.95,,-0.6547
2025-05-18 18:47:35,NVDA,SELL,112,625.22,70024.64,-12.88,-0.8165
2025-05-18 18:47:35,NVDA,BUY,56,625.26,35014.56,,-0.8165
2025-05-18 18:47:35,AMD,BUY,410,85.80,35175.95,,-0.8165
2025-05-18 18:47:35,NVDA,SELL,56,625.42,35023.52,8.96,2.0000
2025-05-18 18:47:35,NVDA,BUY,56,625.00,35000.00,,2.0000
2025-05-18 18:47:35,AMD,BUY,410,85.80,35175.95,,2.0000
2025-05-18 18:47:35,NVDA,SELL,56,624.91,34994.96,-5.04,2.0000
2025-05-18 18:47:35,NVDA,BUY,56,624.82,34989.92,,2.0000
2025-05-18 18:47:35,AMD,BUY,410,85.80,35175.95,,2.0000
2025-05-18 18:47:35,NVDA,SELL,56,625.10,35005.60,15.68,1.2910
2025-05-18 18:47:35,AMD,BUY,410,85.80,35175.95,,1.2910
2025-05-18 18:47:35,NVDA,BUY,56,625.08,35004.48,,1.2910
2025-05-18 18:47:35,AMD,BUY,410,85.80,35175.95,,1.2910
2025-05-18 18:47:35,NVDA,SELL,56,625.25,35014.00,9.52,-1.9415
2025-05-18 18:47:35,NVDA,BUY,56,625.07,35003.92,,-1.9415
2025-05-18 18:47:35,AMD,BUY,410,85.79,35173.90,,-1.9415
2025-05-18 18:47:35,NVDA,SELL,56,625.30,35016.80,12.88,-1.9415
2025-05-18 18:47:35,NVDA,BUY,56,625.30,35016.80,,-1.9415
2025-05-18 18:47:35,AMD,BUY,410,85.77,35165.70,,-1.9415
2025-05-18 18:47:35,NVDA,SELL,56,625.30,35016.80,0.00,-1.9415
2025-05-18 18:47:35,NVDA,BUY,56,625.30,35016.80,,-1.9415
2025-05-18 18:47:35,AMD,BUY,410,85.76,35161.60,,-1.9415
2025-05-18 18:47:35,NVDA,SELL,56,625.30,35016.80,0.00,1.0170
2025-05-18 18:47:35,NVDA,BUY,56,625.30,35016.80,,1.0170
2025-05-18 18:47:35,AMD,BUY,410,85.72,35145.20,,1.0170
2025-05-18 18:47:35,NVDA,SELL,56,625.30,35016.80,0.00,0.3194
2025-05-18 18:47:35,NVDA,BUY,56,625.30,35016.80,,0.3194
2025-05-18 18:47:35,AMD,BUY,410,85.71,35141.10,,0.3194
2025-05-18 18:47:35,NVDA,SELL,56,625.30,35016.80,0.00,-0.7454
2025-05-18 18:47:35,NVDA,BUY,56,625.30,35016.80,,-0.7454
2025-05-18 18:47:35,AMD,BUY,410,85.71,35141.10,,-0.7454
2025-05-18 18:47:35,NVDA,SELL,56,625.30,35016.80,0.00,1.2423
2025-05-18 18:47:35,NVDA,BUY,56,625.30,35016.80,,1.2423
2025-05-18 18:47:35,AMD,BUY,410,85.70,35137.00,,1.2423
2025-05-18 18:47:35,NVDA,SELL,56,625.30,35016.80,0.00,0.5203
2025-05-18 18:47:35,NVDA,BUY,56,625.30,35016.80,,0.5203
2025-05-18 18:47:35,AMD,BUY,411,85.63,35193.93,,0.5203
2025-05-18 18:47:35,NVDA,SELL,56,625.30,35016.80,0.00,0.2537
2025-05-18 18:47:35,NVDA,BUY,56,625.30,35016.80,,0.2537
2025-05-18 18:47:35,AMD,BUY,411,85.61,35185.71,,0.2537
2025-05-18 18:47:35,NVDA,SELL,56,625.30,35016.80,0.00,-0.7500
2025-05-18 18:47:35,NVDA,BUY,56,625.30,35016.80,,-0.7500
2025-05-18 18:47:35,AMD,BUY,411,85.60,35181.60,,-0.7500
2025-05-18 18:47:35,NVDA,SELL,56,625.30,35016.80,0.00,-0.9663
2025-05-18 18:47:35,NVDA,BUY,56,625.30,35016.80,,-0.9663
2025-05-18 18:47:35,NVDA,BUY,56,625.30,35016.80,,-0.9663
2025-05-18 18:47:35,AMD,BUY,411,85.60,35181.60,,-0.9663
2025-05-18 18:47:35,NVDA,SELL,112,625.30,70033.60,0.00,0.5517
2025-05-18 18:47:35,AMD,BUY,411,85.59,35177.49,,0.5517
2025-05-18 18:47:35,NVDA,BUY,56,625.30,35016.80,,0.5517
2025-05-18 18:47:35,AMD,BUY,411,85.58,35173.38,,0.5517
2025-05-18 18:47:35,NVDA,SELL,56,625.30,35016.80,0.00,0.8165
2025-05-18 18:47:35,NVDA,BUY,56,625.30,35016.80,,0.8165
2025-05-18 18:47:35,AMD,BUY,411,85.57,35169.27,,0.8165
2025-05-18 18:47:35,NVDA,SELL,56,625.30,35016.80,0.00,0.6225
2025-05-18 18:47:35,NVDA,BUY,56,625.30,35016.80,,0.6225
2025-05-18 18:47:35,NVDA,BUY,56,625.30,35016.80,,0.6225
2025-05-18 18:47:35,AMD,BUY,411,85.60,35181.60,,0.6225
2025-05-18 18:47:35,NVDA,SELL,112,625.30,70033.60,0.00,1.9645
2025-05-18 18:47:35,NVDA,BUY,56,625.30,35016.80,,1.9645
2025-05-18 18:47:35,AMD,BUY,411,85.62,35189.82,,1.9645
2025-05-18 18:47:35,NVDA,SELL,56,625.30,35016.80,0.00,-0.6547
2025-05-18 18:47:35,NVDA,BUY,56,625.30,35016.80,,-0.6547
2025-05-18 18:47:35,AMD,BUY,411,85.65,35202.15,,-0.6547
2025-05-18 18:47:35,NVDA,SELL,56,625.30,35016.80,0.00,-1.5811
2025-05-18 18:47:35,AMD,BUY,411,85.59,35177.49,,-1.5811
2025-05-18 18:47:35,NVDA,BUY,56,625.30,35016.80,,-1.5811
2025-05-18 18:47:35,AMD,BUY,411,85.57,35169.27,,-1.5811
2025-05-18 18:47:35,NVDA,SELL,56,625.30,35016.80,0.00,0.8165
2025-05-18 18:47:35,NVDA,BUY,56,625.30,35016.80,,-1.0000
2025-05-18 18:47:35,AMD,BUY,410,85.70,35137.00,,-0.8165
2025-05-18 18:47:35,NVDA,SELL,56,625.30,35016.80,0.00,-1.6713
2025-05-18 18:47:35,NVDA,BUY,56,625.30,35016.80,,-1.6713
2025-05-18 18:47:35,AMD,BUY,411,85.67,35210.37,,-1.6713
2025-05-18 18:47:35,NVDA,SELL,56,625.30,35016.80,0.00,-1.9167
2025-05-18 18:47:35,NVDA,BUY,56,625.30,35016.80,,-1.9167
2025-05-18 18:47:35,AMD,BUY,411,85.63,35193.93,,-1.9167
2025-05-18 18:47:35,NVDA,SELL,56,625.30,35016.80,0.00,2.0426
2025-05-18 18:47:35,NVDA,BUY,56,625.30,35016.80,,2.0426
2025-05-18 18:47:35,AMD,BUY,411,85.60,35181.60,,2.0426
2025-05-18 18:47:35,NVDA,SELL,56,625.30,35016.80,0.00,0.7454
2025-05-18 18:47:35,NVDA,BUY,56,625.30,35016.80,,0.7454
2025-05-18 18:47:35,NVDA,BUY,56,625.30,35016.80,,0.7454
2025-05-18 18:47:35,AMD,BUY,411,85.61,35185.71,,0.7454
2025-05-18 18:47:35,NVDA,SELL,112,625.30,70033.60,0.00,-0.6547
2025-05-18 18:47:35,AMD,BUY,411,85.54,35156.94,,-0.6547
2025-05-18 18:47:35,NVDA,BUY,56,625.30,35016.80,,-0.6547
2025-05-18 18:47:35,NVDA,BUY,56,625.30,35016.80,,-0.6547
2025-05-18 18:47:35,AMD,BUY,411,85.56,35165.16,,-0.6547
2025-05-18 18:47:35,NVDA,SELL,112,625.30,70033.60,0.00,0.5000
2025-05-18 18:47:35,NVDA,BUY,56,625.30,35016.80,,0.5000
2025-05-18 18:47:35,AMD,BUY,411,85.63,35193.93,,0.5000
2025-05-18 18:47:35,NVDA,SELL,56,625.30,35016.80,0.00,0.6030
2025-05-18 18:47:35,NVDA,BUY,56,625.30,35016.80,,0.6030
2025-05-18 18:47:35,AMD,BUY,411,85.61,35185.71,,0.6030
2025-05-18 18:47:35,NVDA,SELL,56,625.30,35016.80,0.00,0.6030
2025-05-18 18:47:35,NVDA,BUY,56,625.30,35016.80,,0.6030
2025-05-18 18:47:35,AMD,BUY,410,85.71,35141.10,,0.6030
2025-05-18 18:47:35,NVDA,SELL,56,625.30,35016.80,0.00,-0.5000
2025-05-18 18:47:35,NVDA,BUY,56,625.30,35016.80,,-0.5000
2025-05-18 18:47:35,AMD,BUY,411,85.63,35193.93,,-0.5000
2025-05-18 18:47:35,NVDA,SELL,56,625.30,35016.80,0.00,-1.1717
2025-05-18 18:47:35,AMD,BUY,411,85.61,35185.71,,-1.1717
2025-05-18 18:47:35,NVDA,BUY,56,625.30,35016.80,,-1.1717
2025-05-18 18:47:35,AMD,BUY,410,85.73,35149.30,,-1.1717
2025-05-18 18:47:35,NVDA,SELL,56,625.30,35016.80,0.00,-1.0084
2025-05-18 18:47:35,NVDA,BUY,56,625.30,35016.80,,-1.0084
2025-05-18 18:47:35,AMD,BUY,410,85.72,35145.20,,-1.0084
2025-05-18 18:47:35,NVDA,SELL,56,625.30,35016.80,0.00,-0.7966
2025-05-18 18:47:35,NVDA,BUY,56,625.30,35016.80,,-0.7966
2025-05-18 18:47:35,AMD,BUY,411,85.67,35210.37,,-0.7966
2025-05-18 18:47:35,NVDA,SELL,56,625.30,35016.80,0.00,-0.7966
2025-05-18 18:47:35,NVDA,BUY,56,625.30,35016.80,,-0.7966
2025-05-18 18:47:35,NVDA,BUY,56,625.18,35010.08,,-0.7966
2025-05-18 18:47:35,AMD,BUY,411,85.65,35202.15,,-0.7966
2025-05-18 18:47:35,NVDA,SELL,112,624.74,69970.88,-56.00,-2.2361
2025-05-18 18:47:35,NVDA,BUY,56,624.27,34959.12,,-2.2361
2025-05-18 18:47:35,AMD,BUY,411,85.65,35202.15,,-2.2361
2025-05-18 18:47:35,NVDA,SELL,56,624.52,34973.12,14.00,0.7500
2025-05-18 18:47:35,AMD,BUY,411,85.65,35202.15,,0.7500
2025-05-18 18:47:35,NVDA,BUY,56,624.52,34973.12,,0.7500
2025-05-18 18:47:35,NVDA,BUY,56,624.11,34950.16,,0.7500
2025-05-18 18:47:35,AMD,BUY,411,85.65,35202.15,,0.7500
2025-05-18 18:47:35,NVDA,SELL,112,624.45,69938.40,15.12,0.7500
2025-05-18 18:47:35,AMD,BUY,411,85.65,35202.15,,0.7500
2025-05-18 18:47:35,NVDA,BUY,56,624.82,34989.92,,0.7500
2025-05-18 18:47:35,NVDA,BUY,56,624.55,34974.80,,0.7500
2025-05-18 18:47:35,AMD,BUY,411,85.65,35202.15,,0.7500
2025-05-18 18:47:35,NVDA,SELL,112,624.77,69974.24,9.52,1.4237
2025-05-18 18:47:35,NVDA,BUY,56,624.22,34956.32,,1.4237
2025-05-18 18:47:35,AMD,BUY,411,85.65,35202.15,,1.4237
2025-05-18 18:47:35,NVDA,SELL,56,624.00,34944.00,-12.32,1.4237
2025-05-18 18:47:35,AMD,BUY,411,85.65,35202.15,,1.4237
2025-05-18 18:47:35,NVDA,BUY,56,624.00,34944.00,,1.4237
2025-05-18 18:47:35,NVDA,BUY,56,623.85,34935.60,,1.4237
2025-05-18 18:47:35,AMD,BUY,411,85.65,35202.15,,1.4237
2025-05-18 18:47:35,NVDA,SELL,112,624.00,69888.00,8.40,-2.1926
2025-05-18 18:47:35,AMD,BUY,411,85.65,35202.15,,-2.1926
2025-05-18 18:47:35,NVDA,BUY,56,623.86,34936.16,,-2.1926
2025-05-18 18:47:35,NVDA,BUY,56,623.85,34935.60,,-2.1926
2025-05-18 18:47:35,AMD,BUY,411,85.65,35202.15,,-2.1926
2025-05-18 18:47:35,NVDA,SELL,112,623.98,69885.76,14.00,2.6550
2025-05-18 18:47:35,AMD,BUY,411,85.65,35202.15,,2.6550
2025-05-18 18:47:35,NVDA,BUY,56,623.90,34938.40,,2.6550
2025-05-18 18:47:35,AMD,BUY,411,85.65,35202.15,,2.6550
2025-05-18 18:47:35,NVDA,SELL,56,623.72,34928.32,-10.08,-0.0000
2025-05-18 18:47:35,NVDA,BUY,56,623.72,34928.32,,-0.0000
2025-05-18 18:47:35,AMD,BUY,411,85.65,35202.15,,-0.0000
2025-05-18 18:47:35,NVDA,SELL,56,623.83,34934.48,6.16,0.6236
2025-05-18 18:47:35,NVDA,BUY,56,623.62,34922.44,,0.6236
2025-05-18 18:47:35,AMD,BUY,411,85.65,35202.15,,0.6236
2025-05-18 18:47:35,NVDA,SELL,56,623.98,34942.88,20.44,2.0000
2025-05-18 18:47:35,NVDA,BUY,56,623.28,34903.68,,2.0000
2025-05-18 18:47:35,NVDA,BUY,56,622.74,34873.44,,2.0000
2025-05-18 18:47:35,AMD,BUY,411,85.65,35202.15,,2.0000
2025-05-18 18:47:35,NVDA,SELL,112,622.96,69771.52,-5.60,0.9045
2025-05-18 18:47:35,NVDA,BUY,56,622.67,34869.52,,0.9045
2025-05-18 18:47:35,AMD,BUY,411,85.65,35202.15,,0.9045
2025-05-18 18:47:35,NVDA,SELL,56,622.95,34885.20,15.68,1.6002
2025-05-18 18:47:35,AMD,BUY,411,85.65,35202.15,,1.6002
2025-05-18 18:47:35,NVDA,BUY,56,622.78,34875.68,,1.6002
2025-05-18 18:47:35,AMD,BUY,411,85.65,35202.15,,1.6002
2025-05-18 18:47:35,NVDA,SELL,56,623.37,34908.72,33.04,1.5455
2025-05-18 18:47:35,NVDA,BUY,56,622.55,34862.80,,1.5455
2025-05-18 18:47:35,NVDA,BUY,56,623.05,34890.80,,1.5455
2025-05-18 18:47:35,AMD,BUY,411,85.65,35202.15,,1.5455
2025-05-18 18:47:35,NVDA,SELL,112,623.00,69776.00,22.40,0.0000
2025-05-18 18:47:35,AMD,BUY,411,85.65,35202.15,,0.0000
2025-05-18 18:47:35,NVDA,BUY,56,622.80,34876.80,,0.0000
2025-05-18 18:47:35,AMD,SELL,2320,85.65,198708.00,-118.08,0.0000
2025-05-18 18:47:35,NVDA,BUY,32,622.56,19921.92,,0.0000
2025-05-18 18:47:35,AMD,BUY,236,85.65,20213.40,,0.0000
2025-05-18 18:47:35,NVDA,SELL,88,621.69,54708.72,-90.00,0.0000
2025-05-18 18:47:35,AMD,SELL,2320,85.65,198708.00,-117.24,0.0000
2025-05-18 18:47:35,NVDA,BUY,32,621.20,19878.40,,0.0000
2025-05-18 18:47:35,AMD,BUY,236,85.65,20213.40,,0.0000
2025-05-18 18:47:35,NVDA,SELL,32,621.66,19893.12,14.72,0.0000
2025-05-18 18:47:35,AMD,BUY,236,85.65,20213.40,,0.0000
2025-05-18 18:47:35,AMD,SELL,2320,85.65,198708.00,-115.48,0.0000
2025-05-18 18:47:35,NVDA,BUY,72,622.06,44788.32,,0.0000
2025-05-18 18:47:35,AMD,BUY,526,85.65,45051.90,,0.0000
2025-05-18 18:47:35,NVDA,SELL,72,622.40,44812.80,24.48,1.2457
2025-05-18 18:47:35,AMD,SELL,2320,85.65,198708.00,-113.42,1.2457
2025-05-18 18:47:35,NVDA,BUY,72,622.59,44826.48,,1.2457
2025-05-18 18:47:35,AMD,SELL,2320,85.65,198708.00,-113.42,1.2457
2025-05-18 18:47:35,NVDA,BUY,72,622.32,44807.04,,1.2457
2025-05-18 18:47:35,AMD,BUY,526,85.65,45051.90,,1.2457
2025-05-18 18:47:35,NVDA,SELL,144,621.00,89424.00,-209.52,1.5275
2025-05-18 18:47:35,AMD,BUY,526,85.65,45051.90,,1.5275
2025-05-18 18:47:35,NVDA,BUY,32,621.08,19874.56,,1.5275
2025-05-18 18:47:35,AMD,BUY,236,85.66,20215.76,,1.5275
2025-05-18 18:47:35,NVDA,SELL,32,621.08,19874.56,0.00,0.1060
2025-05-18 18:47:35,NVDA,BUY,32,621.08,19874.56,,0.1060
2025-05-18 18:47:35,NVDA,BUY,32,621.08,19874.56,,0.1060
2025-05-18 18:47:35,AMD,BUY,236,85.69,20222.84,,0.1060
2025-05-18 18:47:35,NVDA,SELL,64,621.08,39749.12,0.00,-1.4444
2025-05-18 18:47:35,NVDA,BUY,32,621.08,19874.56,,-1.4444
2025-05-18 18:47:35,AMD,BUY,236,85.75,20237.00,,-1.4444
2025-05-18 18:47:35,NVDA,SELL,32,621.08,19874.56,0.00,-1.6348
2025-05-18 18:47:35,AMD,BUY,236,85.76,20239.36,,-1.6348
2025-05-18 18:47:35,NVDA,BUY,32,621.08,19874.56,,-1.6348
2025-05-18 18:47:35,AMD,BUY,236,85.75,20237.00,,-1.6348
2025-05-18 18:47:35,NVDA,SELL,32,621.08,19874.56,0.00,-1.0932
2025-05-18 18:47:35,AMD,SELL,2320,85.77,198986.40,167.04,-1.0932
2025-05-18 18:47:35,NVDA,BUY,8,621.08,4968.64,,-1.0932
2025-05-18 18:47:35,AMD,BUY,61,85.76,5231.36,,-1.0932
2025-05-18 18:47:35,NVDA,SELL,8,621.08,4968.64,0.00,-0.8288
2025-05-18 18:47:35,AMD,SELL,2320,85.77,198986.40,166.69,-0.8288
2025-05-18 18:47:35,NVDA,BUY,8,621.08,4968.64,,-0.8288
2025-05-18 18:47:35,AMD,BUY,61,85.76,5231.36,,-0.8288
2025-05-18 18:47:35,NVDA,SELL,8,621.08,4968.64,0.00,-0.8288
2025-05-18 18:47:35,AMD,SELL,2320,85.78,199009.60,189.50,-0.8288
2025-05-18 18:47:35,NVDA,BUY,8,621.08,4968.64,,-0.8288
2025-05-18 18:47:35,AMD,BUY,61,85.74,5230.14,,-0.8288
2025-05-18 18:47:35,NVDA,SELL,8,621.08,4968.64,0.00,-0.8288
2025-05-18 18:47:35,AMD,SELL,2320,85.72,198870.40,50.01,-0.8288
2025-05-18 18:47:35,NVDA,BUY,48,621.08,29811.84,,-0.8288
2025-05-18 18:47:35,AMD,BUY,351,85.72,30087.72,,-0.8288
2025-05-18 18:47:35,NVDA,SELL,48,621.08,29811.84,0.00,-0.8288
2025-05-18 18:47:35,AMD,SELL,2320,85.77,198986.40,165.06,-0.8288
2025-05-18 18:47:35,NVDA,BUY,48,621.08,29811.84,,-0.8288
2025-05-18 18:47:35,AMD,SELL,2320,85.83,199125.60,304.26,-0.8288
2025-05-18 18:47:35,NVDA,BUY,48,621.08,29811.84,,-0.8288
2025-05-18 18:47:35,AMD,BUY,351,85.77,30105.27,,-0.8288
2025-05-18 18:47:35,NVDA,SELL,96,621.08,59623.68,0.00,-0.8288
2025-05-18 18:47:35,AMD,SELL,2320,85.86,199195.20,369.76,-0.8288
2025-05-18 18:47:35,NVDA,BUY,48,621.08,29811.84,,-0.8288
2025-05-18 18:47:35,AMD,BUY,351,85.85,30133.35,,-0.8288
2025-05-18 18:47:35,NVDA,SELL,48,621.08,29811.84,0.00,-0.8288
2025-05-18 18:47:35,AMD,SELL,2320,85.88,199241.60,406.16,-0.8288
2025-05-18 18:47:35,NVDA,BUY,48,621.08,29811.84,,-0.8288
2025-05-18 18:47:35,AMD,BUY,351,85.86,30136.86,,-0.8288
2025-05-18 18:47:35,NVDA,SELL,48,621.08,29811.84,0.00,-0.8288
2025-05-18 18:47:35,AMD,BUY,351,85.80,30115.80,,-0.8288
2025-05-18 18:47:35,AMD,SELL,2320,85.85,199172.00,317.25,-0.8288
2025-05-18 18:47:35,NVDA,BUY,48,621.08,29811.84,,-0.8288
2025-05-18 18:47:35,AMD,BUY,351,85.78,30108.78,,-0.8288
2025-05-18 18:47:35,NVDA,SELL,48,621.08,29811.84,0.00,-0.8288
2025-05-18 18:47:35,AMD,SELL,2320,85.84,199148.80,287.71,-0.8288
2025-05-18 18:47:35,NVDA,BUY,48,621.08,29811.84,,-0.8288
2025-05-18 18:47:35,AMD,BUY,351,85.79,30112.29,,-0.8288
2025-05-18 18:47:35,NVDA,SELL,48,621.08,29811.84,0.00,-0.8288
2025-05-18 18:47:35,AMD,SELL,2320,85.81,199079.20,209.00,-0.8288
2025-05-18 18:47:35,NVDA,BUY,48,621.08,29811.84,,-0.8288
2025-05-18 18:47:35,AMD,BUY,351,85.80,30115.80,,-0.8288
2025-05-18 18:47:35,NVDA,SELL,48,621.08,29811.84,0.00,-0.8288
2025-05-18 18:47:35,NVDA,BUY,8,621.08,4968.64,,-0.8288
2025-05-18 18:47:35,AMD,BUY,62,85.77,5317.74,,-0.8288
2025-05-18 18:47:35,NVDA,SELL,8,621.08,4968.64,0.00,-0.8288
2025-05-18 18:47:35,NVDA,BUY,48,621.08,29811.84,,-0.8288
2025-05-18 18:47:35,NVDA,BUY,48,621.08,29811.84,,-0.8288
2025-05-18 18:47:35,AMD,BUY,353,85.72,30259.16,,-0.8288
2025-05-18 18:47:35,NVDA,SELL,96,621.08,59623.68,0.00,-0.8288
2025-05-18 18:47:35,AMD,BUY,354,85.69,30334.26,,-0.8288
2025-05-18 18:47:35,NVDA,BUY,48,621.08,29811.84,,-0.8288
2025-05-18 18:47:35,AMD,BUY,354,85.67,30327.18,,-0.8288
2025-05-18 18:47:35,NVDA,SELL,48,621.08,29811.84,0.00,-0.8288
2025-05-18 18:47:35,NVDA,BUY,48,621.08,29811.84,,-0.8288
2025-05-18 18:47:35,NVDA,BUY,48,621.08,29811.84,,-0.8288
2025-05-18 18:47:35,AMD,BUY,353,85.70,30252.10,,-0.8288
2025-05-18 18:47:35,NVDA,SELL,96,621.08,59623.68,0.00,-0.8288
2025-05-18 18:47:35,NVDA,BUY,48,621.08,29811.84,,-0.8288
2025-05-18 18:47:35,AMD,BUY,354,85.69,30334.26,,-0.8288
2025-05-18 18:47:35,NVDA,SELL,48,621.08,29811.84,0.00,-0.8288
2025-05-18 18:47:35,AMD,BUY,354,85.68,30330.72,,-0.8288
2025-05-18 18:47:35,NVDA,BUY,48,621.08,29811.84,,-0.8288
2025-05-18 18:47:35,AMD,BUY,354,85.65,30320.10,,-0.8288
2025-05-18 18:47:35,NVDA,SELL,48,621.08,29811.84,0.00,-0.8288
2025-05-18 18:47:35,NVDA,BUY,48,621.08,29811.84,,-0.8288
2025-05-18 18:47:35,AMD,BUY,354,85.64,30316.56,,-0.8288
2025-05-18 18:47:35,NVDA,SELL,48,621.08,29811.84,0.00,-0.8288
2025-05-18 18:47:35,NVDA,BUY,48,621.08,29811.84,,-0.8288
2025-05-18 18:47:35,NVDA,BUY,48,621.08,29811.84,,-0.8288
2025-05-18 18:47:35,AMD,BUY,354,85.60,30302.40,,-0.8288
2025-05-18 18:47:35,NVDA,SELL,96,621.08,59623.68,0.00,-0.8288
2025-05-18 18:47:35,AMD,BUY,354,85.60,30302.40,,-0.8288
2025-05-18 18:47:35,NVDA,BUY,48,621.08,29811.84,,-0.8288
2025-05-18 18:47:35,NVDA,BUY,48,621.08,29811.84,,-0.8288
2025-05-18 18:47:35,AMD,BUY,354,85.65,30320.10,,-0.8288
2025-05-18 18:47:35,NVDA,SELL,96,621.08,59623.68,0.00,-0.8288
2025-05-18 18:47:35,AMD,BUY,354,85.60,30302.40,,-0.8288
2025-05-18 18:47:35,NVDA,BUY,48,621.08,29811.84,,-0.8288
2025-05-18 18:47:35,NVDA,BUY,48,621.08,29811.84,,-0.8288
2025-05-18 18:47:35,AMD,BUY,354,85.65,30320.10,,-0.8288
2025-05-18 18:47:35,NVDA,SELL,96,621.08,59623.68,0.00,-0.8288
2025-05-18 18:47:35,AMD,BUY,354,85.61,30305.94,,-0.8288
2025-05-18 18:47:35,NVDA,BUY,50,621.08,31054.00,,-0.8288
2025-05-18 18:47:35,NVDA,BUY,50,621.08,31054.00,,-0.8288
2025-05-18 18:47:35,AMD,BUY,368,85.64,31515.52,,-0.8288
2025-05-18 18:47:35,NVDA,SELL,100,621.08,62108.00,0.00,-0.8288
2025-05-18 18:47:35,NVDA,BUY,50,621.08,31054.00,,-0.8288
2025-05-18 18:47:35,AMD,BUY,368,85.62,31508.16,,-0.8288
2025-05-18 18:47:35,NVDA,SELL,50,621.08,31054.00,0.00,-0.8288
2025-05-18 18:47:35,NVDA,BUY,50,621.08,31054.00,,-0.8288
2025-05-18 18:47:35,AMD,BUY,368,85.74,31552.32,,-0.8288
2025-05-18 18:47:35,NVDA,SELL,50,621.08,31054.00,0.00,-0.8288
2025-05-18 18:47:35,AMD,BUY,368,85.73,31548.64,,-0.8288
2025-05-18 18:47:35,NVDA,BUY,50,621.08,31054.00,,-0.8288
2025-05-18 18:47:35,NVDA,BUY,50,621.08,31054.00,,-0.8288
2025-05-18 18:47:35,AMD,BUY,368,85.76,31559.68,,-0.8288
2025-05-18 18:47:35,NVDA,SELL,100,621.08,62108.00,0.00,-0.8288
2025-05-18 18:47:35,AMD,BUY,368,85.71,31541.28,,-0.8288
2025-05-18 18:47:35,NVDA,BUY,50,621.08,31054.00,,-0.8288
2025-05-18 18:47:35,AMD,BUY,368,85.76,31559.68,,-0.8288
2025-05-18 18:47:35,NVDA,SELL,50,621.08,31054.00,0.00,-0.8288
2025-05-18 18:47:35,NVDA,BUY,50,621.08,31054.00,,-0.8288
2025-05-18 18:47:35,NVDA,BUY,50,621.08,31054.00,,-0.8288
2025-05-18 18:47:35,AMD,BUY,367,85.87,31514.29,,-0.8288
2025-05-18 18:47:35,NVDA,SELL,100,621.08,62108.00,0.00,-0.8288
2025-05-18 18:47:35,NVDA,BUY,50,621.08,31054.00,,-0.8288
2025-05-18 18:47:35,AMD,BUY,367,85.88,31517.96,,-0.8288
2025-05-18 18:47:35,NVDA,SELL,50,621.08,31054.00,0.00,-0.8288
2025-05-18 18:47:35,AMD,BUY,367,85.88,31517.96,,-0.8288
2025-05-18 18:47:35,NVDA,BUY,50,621.08,31054.00,,-0.8288
2025-05-18 18:47:35,AMD,BUY,367,85.87,31514.29,,-0.8288
2025-05-18 18:47:35,NVDA,SELL,50,621.08,31054.00,0.00,-0.8288
2025-05-18 18:47:35,NVDA,BUY,50,621.08,31054.00,,-0.8288
2025-05-18 18:47:35,AMD,BUY,367,85.86,31510.62,,-0.8288
2025-05-18 18:47:35,NVDA,SELL,50,621.08,31054.00,0.00,-0.8288
2025-05-18 18:47:35,NVDA,BUY,50,621.08,31054.00,,-0.8288
2025-05-18 18:47:35,NVDA,BUY,50,621.08,31054.00,,-0.8288
2025-05-18 18:47:35,AMD,BUY,367,85.88,31517.96,,-0.8288
2025-05-18 18:47:35,NVDA,SELL,100,621.08,62108.00,0.00,-0.8288
2025-05-18 18:47:35,AMD,BUY,368,85.84,31589.12,,-0.8288
2025-05-18 18:47:35,NVDA,BUY,50,621.08,31054.00,,-0.8288
2025-05-18 18:47:35,NVDA,BUY,50,621.08,31054.00,,-0.8288
2025-05-18 18:47:35,AMD,BUY,368,85.84,31589.12,,-0.8288
2025-05-18 18:47:35,NVDA,SELL,100,621.08,62108.00,0.00,-0.8288
2025-05-18 18:47:35,AMD,BUY,368,85.82,31581.76,,-0.8288
2025-05-18 18:47:35,NVDA,BUY,50,621.08,31054.00,,-0.8288
2025-05-18 18:47:35,AMD,BUY,368,85.71,31541.28,,-0.8288
2025-05-18 18:47:35,NVDA,SELL,50,621.08,31054.00,0.00,-0.8288
2025-05-18 18:47:35,NVDA,BUY,50,621.08,31054.00,,-0.8288
2025-05-18 18:47:35,AMD,BUY,368,85.82,31581.76,,-0.8288
2025-05-18 18:47:35,NVDA,SELL,50,621.08,31054.00,0.00,-0.8288
2025-05-18 18:47:35,NVDA,BUY,50,621.08,31054.00,,-0.8288
2025-05-18 18:47:35,AMD,BUY,368,85.76,31559.68,,-0.8288
2025-05-18 18:47:35,NVDA,SELL,50,621.08,31054.00,0.00,-0.8288
2025-05-18 18:47:35,NVDA,BUY,50,621.08,31054.00,,-0.8288
2025-05-18 18:47:35,AMD,BUY,368,85.66,31522.88,,-0.8288
2025-05-18 18:47:35,NVDA,SELL,50,621.08,31054.00,0.00,-0.8288
2025-05-18 18:47:35,NVDA,BUY,50,621.08,31054.00,,-0.8288
2025-05-18 18:47:35,AMD,BUY,368,85.63,31511.84,,-0.8288
2025-05-18 18:47:35,NVDA,SELL,50,621.08,31054.00,0.00,-0.8288
2025-05-18 18:47:35,NVDA,BUY,50,621.08,31054.00,,-0.8288
2025-05-18 18:47:35,NVDA,BUY,50,621.08,31054.00,,-0.8288
2025-05-18 18:47:35,AMD,BUY,368,85.66,31522.88,,-0.8288
2025-05-18 18:47:35,NVDA,SELL,100,621.08,62108.00,0.00,-0.8288
2025-05-18 18:47:35,AMD,BUY,368,85.64,31515.52,,-0.8288
2025-05-18 18:47:35,NVDA,BUY,50,621.08,31054.00,,-0.8288
2025-05-18 18:47:35,NVDA,BUY,50,621.08,31054.00,,-0.8288
2025-05-18 18:47:35,AMD,BUY,368,85.63,31511.84,,-0.8288
2025-05-18 18:47:35,NVDA,SELL,100,621.08,62108.00,0.00,-0.8288
2025-05-18 18:47:35,AMD,SELL,4815,85.84,413319.60,566.61,-0.8288
2025-05-18 18:47:35,NVDA,BUY,123,621.08,76392.84,,-0.8288
2025-05-18 18:47:35,AMD,BUY,892,85.81,76542.52,,-0.8288
2025-05-18 18:47:35,NVDA,SELL,123,621.08,76392.84,0.00,-0.8288
2025-05-18 18:47:35,AMD,BUY,894,85.65,76571.10,,-0.8288
2025-05-18 18:47:35,AMD,SELL,170,85.85,14594.50,21.56,-0.8288
2025-05-18 18:47:35,NVDA,BUY,720,621.08,447177.60,,-0.8288
2025-05-18 18:47:35,AMD,BUY,5215,85.83,447603.45,,-0.8288
2025-05-18 18:47:35,NVDA,SELL,720,621.08,447177.60,0.00,-0.8288
2025-05-18 18:47:35,AMD,SELL,170,85.92,14606.40,28.84,-0.8288
2025-05-18 18:47:35,NVDA,BUY,716,621.08,444693.28,,-0.8288
2025-05-18 18:47:35,AMD,SELL,170,85.92,14606.40,28.84,-0.8288
2025-05-18 18:47:35,NVDA,BUY,716,621.08,444693.28,,-0.8288
2025-05-18 18:47:35,AMD,BUY,5178,85.89,444738.42,,-0.8288
2025-05-18 18:47:35,NVDA,SELL,872,621.08,541581.76,0.00,-0.8288
2025-05-18 18:47:35,AMD,BUY,5181,85.83,444685.23,,-0.8288
2025-05-18 18:47:35,NVDA,SELL,560,621.08,347804.80,0.00,-0.8288
2025-05-18 18:47:35,AMD,SELL,170,85.89,14601.30,17.41,-0.8288
2025-05-18 18:47:35,NVDA,BUY,716,621.08,444693.28,,-0.8288
2025-05-18 18:47:35,AMD,SELL,170,85.90,14603.00,19.11,-0.8288
2025-05-18 18:47:35,NVDA,BUY,803,621.08,498727.24,,-0.8288
2025-05-18 18:47:35,AMD,BUY,5808,85.93,499081.44,,-0.8288
2025-05-18 18:47:35,AMD,SELL,170,85.95,14611.50,23.70,-0.8288
2025-05-18 18:47:35,NVDA,BUY,803,621.08,498727.24,,-0.8288
2025-05-18 18:47:35,AMD,SELL,170,85.96,14613.20,25.40,-0.8288
2025-05-18 18:47:35,NVDA,BUY,803,621.08,498727.24,,-0.8288
2025-05-18 18:47:35,AMD,SELL,170,85.97,14614.90,27.10,-0.8288
2025-05-18 18:47:35,AMD,SELL,170,86.00,14620.00,32.20,-0.8288
2025-05-18 18:47:35,AMD,SELL,170,86.00,14620.00,32.20,-0.8288
2025-05-18 18:47:35,AMD,SELL,170,85.98,14616.60,28.80,-0.8288
2025-05-18 18:47:35,AMD,SELL,170,85.99,14618.30,30.50,-0.8288
2025-05-18 18:47:35,AMD,SELL,170,86.03,14625.10,37.30,-0.8288
2025-05-18 18:47:35,AMD,SELL,170,86.05,14628.50,40.70,-0.8288
2025-05-18 18:47:35,NVDA,SELL,23,621.08,14284.84,0.00,-0.8288
2025-05-18 18:47:35,AMD,SELL,170,86.08,14633.60,45.80,-0.8288
2025-05-18 18:47:35,NVDA,SELL,23,621.08,14284.84,0.00,-0.8288
2025-05-18 18:47:35,AMD,SELL,170,86.05,14628.50,40.70,-0.8288
2025-05-18 18:47:35,NVDA,SELL,23,621.08,14284.84,0.00,-0.8288
2025-05-18 18:47:35,NVDA,SELL,23,621.08,14284.84,0.00,-0.8288
2025-05-18 18:47:35,AMD,SELL,170,86.05,14627.65,39.85,-0.8288
2025-05-18 18:47:35,AMD,SELL,170,86.05,14628.50,40.70,-0.8288
2025-05-18 18:47:35,AMD,SELL,170,86.09,14635.30,47.50,-0.8288
2025-05-18 18:47:35,AMD,SELL,170,86.09,14635.30,47.50,-0.8288
2025-05-18 18:47:35,AMD,SELL,170,86.08,14633.60,45.80,-0.8288
2025-05-18 18:47:35,AMD,SELL,170,86.10,14637.00,49.20,-0.8288
2025-05-18 18:47:35,AMD,SELL,170,86.08,14633.60,45.80,-0.8288
2025-05-18 18:47:35,AMD,SELL,170,86.08,14633.60,45.80,-0.8288
2025-05-18 18:47:35,AMD,SELL,170,86.07,14631.90,44.10,-0.8288
2025-05-18 18:47:35,AMD,SELL,170,86.08,14633.60,45.80,-0.8288
2025-05-18 18:47:35,AMD,SELL,170,86.09,14635.30,47.50,-0.8288
2025-05-18 18:47:35,AMD,SELL,170,86.12,14640.40,52.60,-0.8288
2025-05-18 18:47:35,AMD,SELL,170,86.13,14642.10,54.30,-0.8288
2025-05-18 18:47:35,NVDA,SELL,23,621.08,14284.84,0.00,-0.8288
2025-05-18 18:47:35,AMD,SELL,170,86.15,14645.50,57.70,-0.8288
2025-05-18 18:47:35,NVDA,SELL,23,621.08,14284.84,0.00,-0.8288
2025-05-18 18:47:35,NVDA,SELL,23,621.08,14284.84,0.00,-0.8288
2025-05-18 18:47:35,AMD,SELL,170,86.14,14643.80,56.00,-0.8288
2025-05-18 18:47:35,NVDA,SELL,23,621.08,14284.84,0.00,-0.8288
2025-05-18 18:47:35,AMD,SELL,170,86.14,14643.80,56.00,-0.8288
2025-05-18 18:47:35,AMD,SELL,170,86.15,14645.50,57.70,-0.8288
2025-05-18 18:47:35,NVDA,BUY,801,621.08,497485.08,,-0.8288
2025-05-18 18:47:35,NVDA,SELL,23,621.08,14284.84,0.00,-0.8288
2025-05-18 18:47:35,NVDA,SELL,23,621.08,14284.84,0.00,-0.8288
2025-05-18 18:47:35,AMD,SELL,170,86.15,14645.50,57.70,-0.8288
2025-05-18 18:47:35,NVDA,SELL,23,621.08,14284.84,0.00,-0.8288
2025-05-18 18:47:35,AMD,SELL,170,86.13,14642.10,54.30,-0.8288
2025-05-18 18:47:35,NVDA,SELL,23,621.08,14284.84,0.00,-0.8288
2025-05-18 18:47:35,AMD,SELL,170,86.12,14640.40,52.60,-0.8288
2025-05-18 18:47:35,AMD,SELL,170,86.12,14640.40,52.60,-0.8288
2025-05-18 18:47:35,NVDA,SELL,23,621.08,14284.84,0.00,-0.8288
2025-05-18 18:47:35,NVDA,SELL,23,621.08,14284.84,0.00,-0.8288
2025-05-18 18:47:35,AMD,SELL,170,86.12,14640.40,52.60,-0.8288
2025-05-18 18:47:35,NVDA,SELL,23,621.08,14284.84,0.00,-0.8288
2025-05-18 18:47:35,AMD,SELL,170,86.12,14640.40,52.60,-0.8288
2025-05-18 18:47:35,AMD,SELL,170,86.13,14642.10,54.30,-0.8288
2025-05-18 18:47:35,AMD,SELL,170,86.15,14645.50,57.70,-0.8288
2025-05-18 18:47:35,AMD,SELL,170,86.17,14648.90,61.10,-0.8288
2025-05-18 18:47:35,AMD,SELL,170,86.19,14652.30,64.50,-0.8288
2025-05-18 18:47:35,NVDA,SELL,23,621.08,14284.84,-0.00,-0.8288
2025-05-18 18:47:35,NVDA,SELL,23,621.08,14284.84,-0.00,-0.8288
2025-05-18 18:47:35,AMD,SELL,170,86.19,14652.30,64.50,-0.8288
2025-05-18 18:47:35,NVDA,SELL,23,621.08,14284.84,-0.00,-0.8288
2025-05-18 18:47:35,AMD,SELL,170,86.20,14654.00,66.20,-0.8288
2025-05-18 18:47:35,AMD,SELL,170,86.21,14655.70,67.90,-0.8288
2025-05-18 18:47:35,NVDA,SELL,23,621.08,14284.84,-0.00,-0.8288
2025-05-18 18:47:35,NVDA,SELL,23,621.08,14284.84,-0.00,-0.8288
2025-05-18 18:47:35,AMD,SELL,170,86.22,14657.40,69.60,-0.8288
2025-05-18 18:47:35,AMD,SELL,170,86.23,14659.10,71.30,-0.8288
2025-05-18 18:47:35,NVDA,SELL,23,621.08,14284.84,-0.00,-0.8288
2025-05-18 18:47:35,AMD,SELL,170,86.24,14660.80,73.00,-0.8288
2025-05-18 18:47:35,NVDA,SELL,23,621.08,14284.84,-0.00,-0.8288
2025-05-18 18:47:35,AMD,SELL,170,86.24,14660.80,73.00,-0.8288
2025-05-18 18:47:35,NVDA,SELL,23,621.08,14284.84,-0.00,-0.8288
2025-05-18 18:47:35,NVDA,SELL,23,621.08,14284.84,-0.00,-0.8288
2025-05-18 18:47:35,AMD,SELL,170,86.20,14654.00,66.20,-0.8288
2025-05-18 18:47:35,NVDA,BUY,801,621.08,497485.08,,-0.8288
2025-05-18 18:47:35,NVDA,SELL,23,621.08,14284.84,-0.00,-0.8288
2025-05-18 18:47:35,AMD,SELL,340,86.17,29297.80,122.21,-0.8288
2025-05-18 18:47:35,AMD,SELL,340,86.20,29308.00,132.41,-0.8288
2025-05-18 18:47:35,AMD,SELL,340,86.25,29325.00,149.41,-0.8288
2025-05-18 18:47:35,AMD,SELL,170,86.23,14659.10,71.30,-0.8288
2025-05-18 18:47:35,NVDA,SELL,46,621.08,28569.68,-0.00,-0.8288
2025-05-18 18:47:35,AMD,SELL,170,86.18,14650.60,62.80,-0.8288
2025-05-18 18:47:35,AMD,SELL,170,86.18,14650.60,62.80,-0.8288
2025-05-18 18:47:36,AMD,SELL,170,86.24,14660.80,73.00,-0.8288
2025-05-18 18:47:36,AMD,SELL,170,86.18,14650.60,62.80,-0.8288
2025-05-18 18:47:36,AMD,SELL,170,86.16,14647.20,59.40,-0.8288
2025-05-18 18:47:36,AMD,SELL,170,86.18,14650.60,62.80,-0.8288
2025-05-18 18:47:36,AMD,SELL,170,86.23,14659.10,71.30,-0.8288
2025-05-18 18:47:36,AMD,SELL,170,86.20,14654.00,66.20,-0.8288
2025-05-18 18:47:36,AMD,SELL,170,86.21,14655.70,67.90,-0.8288
2025-05-18 18:47:36,AMD,SELL,170,86.21,14655.70,67.90,-0.8288
2025-05-18 18:47:36,AMD,SELL,170,86.21,14655.70,67.90,-0.8288
2025-05-18 18:47:36,AMD,SELL,170,86.18,14650.60,62.80,-0.8288
2025-05-18 18:47:36,AMD,SELL,170,86.15,14645.50,57.70,-0.8288
2025-05-18 18:47:36,AMD,SELL,170,86.18,14650.60,62.80,-0.8288
2025-05-18 18:47:36,AMD,SELL,170,86.16,14647.20,59.40,-0.8288
2025-05-18 18:47:36,AMD,SELL,170,86.18,14650.60,62.80,-0.8288
2025-05-18 18:47:36,AMD,SELL,170,86.13,14642.10,54.30,-0.8288
2025-05-18 18:47:36,AMD,SELL,170,86.14,14643.80,56.00,-0.8288
2025-05-18 18:47:36,AMD,SELL,170,86.21,14655.70,67.90,-0.8288
2025-05-18 18:47:36,AMD,SELL,170,86.16,14647.20,59.40,-0.8288
2025-05-18 18:47:36,AMD,SELL,170,86.18,14650.60,62.80,-0.8288
2025-05-18 18:47:36,AMD,SELL,170,86.17,14648.05,60.25,-0.8288
2025-05-18 18:47:36,AMD,SELL,170,86.17,14648.90,61.10,-0.8288
2025-05-18 18:47:36,AMD,SELL,170,86.17,14648.90,61.10,-0.8288
2025-05-18 18:47:36,AMD,SELL,170,86.19,14652.30,64.50,-0.8288
2025-05-18 18:47:36,NVDA,BUY,803,621.08,498727.24,,-0.8288
2025-05-18 18:47:36,NVDA,SELL,23,621.08,14284.84,-0.00,-0.8288
2025-05-18 18:47:36,NVDA,SELL,23,621.08,14284.84,-0.00,-0.8288
2025-05-18 18:47:36,AMD,SELL,170,86.22,14657.40,69.60,-0.8288
2025-05-18 18:47:36,NVDA,SELL,23,621.08,14284.84,-0.00,-0.8288
2025-05-18 18:47:36,AMD,SELL,170,86.22,14657.40,69.60,-0.8288
2025-05-18 18:47:36,NVDA,SELL,23,621.08,14284.84,-0.00,-0.8288
2025-05-18 18:47:36,AMD,SELL,170,86.18,14650.60,62.80,-0.8288
2025-05-18 18:47:36,NVDA,SELL,23,621.08,14284.84,-0.00,-0.8288
2025-05-18 18:47:36,AMD,SELL,170,86.17,14648.90,61.10,-0.8288
2025-05-18 18:47:36,AMD,SELL,170,86.18,14650.60,62.80,-0.8288
2025-05-18 18:47:36,NVDA,SELL,23,621.08,14284.84,-0.00,-0.8288
2025-05-18 18:47:36,AMD,SELL,170,86.19,14652.30,64.50,-0.8288
2025-05-18 18:47:36,NVDA,SELL,23,621.08,14284.84,-0.00,-0.8288
2025-05-18 18:47:36,AMD,SELL,170,86.22,14657.40,69.60,-0.8288
2025-05-18 18:47:36,NVDA,SELL,23,621.08,14284.84,-0.00,-0.8288
2025-05-18 18:47:36,AMD,SELL,170,86.19,14652.30,64.50,-0.8288
2025-05-18 18:47:36,NVDA,SELL,23,621.08,14284.84,-0.00,-0.8288
2025-05-18 18:47:36,NVDA,SELL,23,621.08,14284.84,-0.00,-0.8288
2025-05-18 18:47:36,AMD,SELL,170,86.19,14652.30,64.50,-0.8288
2025-05-18 18:47:36,AMD,SELL,170,86.20,14654.00,66.20,-0.8288
2025-05-18 18:47:36,NVDA,SELL,23,621.08,14284.84,-0.00,-0.8288
2025-05-18 18:47:36,AMD,SELL,170,86.21,14655.70,67.90,-0.8288
2025-05-18 18:47:36,NVDA,SELL,23,621.08,14284.84,-0.00,-0.8288
2025-05-18 18:47:36,AMD,SELL,170,86.23,14659.10,71.30,-0.8288
2025-05-18 18:47:36,NVDA,SELL,23,621.08,14284.84,-0.00,-0.8288
2025-05-18 18:47:36,AMD,SELL,170,86.24,14660.80,73.00,-0.8288
2025-05-18 18:47:36,AMD,SELL,340,86.25,29325.00,149.41,-0.8288
2025-05-18 18:47:36,AMD,SELL,340,86.27,29331.80,156.21,-0.8288
2025-05-18 18:47:36,AMD,SELL,170,86.25,14662.50,74.70,-0.8288
2025-05-18 18:47:36,AMD,SELL,170,86.28,14667.60,79.80,-0.8288
2025-05-18 18:47:36,NVDA,SELL,23,621.08,14284.84,-0.00,-0.8288
2025-05-18 18:47:36,AMD,SELL,170,86.29,14669.30,81.50,-0.8288
2025-05-18 18:47:36,NVDA,BUY,801,621.08,497485.08,,-0.8288
2025-05-18 18:47:36,AMD,SELL,170,86.30,14671.00,83.20,-0.8288
2025-05-18 18:47:36,AMD,SELL,170,86.32,14674.40,86.60,-0.8288
2025-05-18 18:47:36,AMD,SELL,170,86.30,14671.00,83.20,-0.8288
2025-05-18 18:47:36,AMD,SELL,170,86.31,14672.70,84.90,-0.8288
2025-05-18 18:47:36,AMD,SELL,459,86.33,39625.47,238.42,-0.8288
2025-05-18 18:47:36,AMD,SELL,459,86.35,39634.65,247.60,-0.8288
2025-05-18 18:47:36,AMD,SELL,459,86.36,39639.24,252.19,-0.8288
2025-05-18 18:47:36,AMD,SELL,459,86.35,39634.65,247.60,-0.8288
2025-05-18 18:47:36,AMD,SELL,459,86.37,39643.83,256.78,-0.8288
2025-05-18 18:47:36,AMD,SELL,459,86.36,39639.24,252.19,-0.8288
2025-05-18 18:47:36,AMD,SELL,459,86.36,39639.24,252.19,-0.8288
2025-05-18 18:47:36,AMD,SELL,394,86.34,34017.96,208.60,-0.8288
2025-05-18 18:47:36,AMD,SELL,394,86.35,34021.90,212.54,-0.8288
2025-05-18 18:47:36,AMD,SELL,394,86.34,34017.96,208.60,-0.8288
2025-05-18 18:47:36,AMD,SELL,394,86.36,34025.84,216.48,-0.8288
2025-05-18 18:47:36,AMD,SELL,394,86.36,34025.84,216.48,-0.8288
2025-05-18 18:47:36,NVDA,BUY,800,621.08,496864.00,,-0.8288
2025-05-18 18:47:36,AMD,SELL,394,86.37,34029.78,220.42,-0.8288
2025-05-18 18:47:36,AMD,SELL,394,86.36,34025.84,216.48,-0.8288
2025-05-18 18:47:36,AMD,SELL,394,86.35,34021.90,212.54,-0.8288
2025-05-18 18:47:36,AMD,SELL,394,86.35,34021.90,212.54,-0.8288
2025-05-18 18:47:36,AMD,SELL,197,86.34,17008.98,104.30,-0.8288
2025-05-18 18:47:36,AMD,SELL,197,86.31,17003.07,98.39,-0.8288
2025-05-18 18:47:36,AMD,SELL,197,86.34,17008.98,104.30,-0.8288
2025-05-18 18:47:36,AMD,SELL,197,86.32,17005.04,100.36,-0.8288
2025-05-18 18:47:36,AMD,SELL,197,86.28,16997.16,92.48,-0.8288
2025-05-18 18:47:36,AMD,SELL,197,86.30,17001.10,96.42,-0.8288
2025-05-18 18:47:36,AMD,SELL,197,86.32,17005.04,100.36,-0.8288
2025-05-18 18:47:36,AMD,SELL,197,86.34,17008.98,104.30,-0.8288
2025-05-18 18:47:36,AMD,SELL,197,86.31,17003.07,98.39,-0.8288
2025-05-18 18:47:36,AMD,SELL,197,86.33,17007.01,102.33,-0.8288
2025-05-18 18:47:36,AMD,SELL,197,86.30,17001.10,96.42,-0.8288
2025-05-18 18:47:36,AMD,SELL,197,86.32,17005.04,100.36,-0.8288
2025-05-18 18:47:36,NVDA,SELL,27,621.08,16769.16,-0.00,-0.8288
2025-05-18 18:47:36,NVDA,SELL,100,621.08,62108.00,-0.00,-0.8288
2025-05-18 18:47:36,AMD,SELL,367,86.26,31657.42,164.94,-0.8288
2025-05-18 18:47:36,AMD,SELL,367,86.33,31683.11,190.63,-0.8288
2025-05-18 18:47:36,NVDA,BUY,790,621.08,490653.20,,-0.8288
2025-05-18 18:47:36,NVDA,SELL,50,621.08,31054.00,-0.00,-0.8288
2025-05-18 18:47:36,AMD,SELL,367,86.42,31716.14,223.66,-0.8288
2025-05-18 18:47:36,NVDA,SELL,50,621.08,31054.00,-0.00,-0.8288
2025-05-18 18:47:36,AMD,SELL,367,86.42,31716.14,223.66,-0.8288
2025-05-18 18:47:36,AMD,SELL,367,86.47,31734.49,242.01,-0.8288
2025-05-18 18:47:36,NVDA,SELL,50,621.08,31054.00,-0.00,-0.8288
2025-05-18 18:47:36,NVDA,SELL,50,621.08,31054.00,-0.00,-0.8288
2025-05-18 18:47:36,AMD,SELL,367,86.46,31730.82,238.34,-0.8288
2025-05-18 18:47:36,NVDA,SELL,50,621.08,31054.00,-0.00,-0.8288
2025-05-18 18:47:36,AMD,SELL,303,86.43,26188.29,187.69,-0.8288
2025-05-18 18:47:36,NVDA,SELL,50,621.08,31054.00,-0.00,-0.8288
2025-05-18 18:47:36,AMD,SELL,303,86.42,26185.26,184.66,-0.8288
2025-05-18 18:47:36,NVDA,SELL,50,621.08,31054.00,-0.00,-0.8288
2025-05-18 18:47:36,AMD,SELL,303,86.45,26194.35,193.75,-0.8288
2025-05-18 18:47:36,AMD,SELL,303,86.41,26182.23,181.63,-0.8288
2025-05-18 18:47:36,NVDA,SELL,50,621.08,31054.00,-0.00,-0.8288
2025-05-18 18:47:36,AMD,SELL,303,86.42,26185.26,184.66,-0.8288
2025-05-18 18:47:36,NVDA,BUY,796,621.08,494379.68,,-0.8288
2025-05-18 18:47:36,NVDA,SELL,50,621.08,31054.00,-0.00,-0.8288
2025-05-18 18:47:36,AMD,SELL,303,86.44,26191.32,190.72,-0.8288
2025-05-18 18:47:36,NVDA,SELL,50,621.08,31054.00,-0.00,-0.8288
2025-05-18 18:47:36,AMD,SELL,303,86.46,26197.38,196.78,-0.8288
2025-05-18 18:47:36,NVDA,SELL,50,621.08,31054.00,-0.00,-0.8288
2025-05-18 18:47:36,NVDA,SELL,50,621.08,31054.00,-0.00,-0.8288
2025-05-18 18:47:36,AMD,SELL,303,86.48,26203.44,202.84,-0.8288
2025-05-18 18:47:36,NVDA,SELL,50,621.08,31054.00,-0.00,-0.8288
2025-05-18 18:47:36,AMD,SELL,303,86.50,26209.50,208.90,-0.8288
2025-05-18 18:47:36,NVDA,SELL,50,621.08,31054.00,-0.00,-0.8288
2025-05-18 18:47:36,AMD,SELL,303,86.51,26212.53,211.93,-0.8288
2025-05-18 18:47:36,NVDA,SELL,50,621.08,31054.00,-0.00,-0.8288
2025-05-18 18:47:36,AMD,SELL,303,86.48,26204.95,204.35,-0.8288
2025-05-18 18:47:36,AMD,SELL,303,86.51,26212.53,211.93,-0.8288
2025-05-18 18:47:36,NVDA,SELL,50,621.08,31054.00,-0.00,-0.8288
2025-05-18 18:47:36,NVDA,SELL,50,621.08,31054.00,-0.00,-0.8288
2025-05-18 18:47:36,AMD,SELL,303,86.51,26212.53,211.93,-0.8288
2025-05-18 18:47:36,NVDA,BUY,796,621.08,494379.68,,-0.8288
2025-05-18 18:47:36,NVDA,SELL,50,621.08,31054.00,-0.00,-0.8288
2025-05-18 18:47:36,AMD,SELL,410,86.41,35428.10,245.77,-0.8288
2025-05-18 18:47:36,NVDA,SELL,100,621.08,62108.00,-0.00,-0.8288
2025-05-18 18:47:36,AMD,SELL,410,86.41,35428.10,245.77,-0.8288
2025-05-18 18:47:36,NVDA,SELL,100,621.08,62108.00,-0.00,-0.8288
2025-05-18 18:47:36,AMD,SELL,410,86.41,35428.10,245.77,-0.8288
2025-05-18 18:47:36,AMD,SELL,410,86.42,35432.20,249.87,-0.8288
2025-05-18 18:47:36,NVDA,SELL,100,621.08,62108.00,-0.00,-0.8288
2025-05-18 18:47:36,NVDA,SELL,100,621.08,62108.00,-0.00,-0.8288
2025-05-18 18:47:36,AMD,SELL,410,86.45,35444.50,262.17,-0.8288
2025-05-18 18:47:36,AMD,SELL,410,86.46,35448.60,266.27,-0.8288
2025-05-18 18:47:36,NVDA,BUY,790,621.08,490653.20,,-0.8288
2025-05-18 18:47:36,NVDA,SELL,100,621.08,62108.00,-0.00,-0.8288
2025-05-18 18:47:36,AMD,SELL,410,86.47,35452.70,270.37,-0.8288
2025-05-18 18:47:36,NVDA,SELL,100,621.08,62108.00,-0.00,-0.8288
2025-05-18 18:47:36,NVDA,SELL,100,621.08,62108.00,-0.00,-0.8288
2025-05-18 18:47:36,AMD,SELL,410,86.47,35452.70,270.37,-0.8288
2025-05-18 18:47:36,NVDA,SELL,100,621.08,62108.00,-0.00,-0.8288
2025-05-18 18:47:36,AMD,SELL,102,86.45,8817.90,65.22,-0.8288
2025-05-18 18:47:36,NVDA,SELL,56,621.08,34780.48,-0.00,-0.8288
2025-05-18 18:47:36,NVDA,SELL,56,621.08,34780.48,-0.00,-0.8288
2025-05-18 18:47:36,NVDA,SELL,56,621.08,34780.48,-0.00,-0.8288
2025-05-18 18:47:36,NVDA,SELL,56,621.08,34780.48,-0.00,-0.8288
2025-05-18 18:47:36,NVDA,BUY,772,621.08,479473.76,,-0.8288
2025-05-18 18:47:36,NVDA,SELL,112,621.08,69560.96,-0.00,-0.8288
2025-05-18 18:47:36,NVDA,SELL,112,621.08,69560.96,-0.00,-0.8288
2025-05-18 18:47:36,NVDA,SELL,112,621.08,69560.96,-0.00,-0.8288
2025-05-18 18:47:36,NVDA,SELL,112,621.08,69560.96,-0.00,-0.8288
2025-05-18 18:47:36,NVDA,SELL,112,621.08,69560.96,-0.00,-0.8288
2025-05-18 18:47:36,NVDA,SELL,112,621.08,69560.96,-0.00,-0.8288
2025-05-18 18:47:36,NVDA,BUY,647,621.08,401838.76,,-0.8288
2025-05-18 18:47:36,NVDA,SELL,56,621.08,34780.48,-0.00,-0.8288
2025-05-18 18:47:36,NVDA,SELL,56,621.08,34780.48,-0.00,-0.8288
2025-05-18 18:47:36,NVDA,SELL,56,621.08,34780.48,0.00,-0.8288
2025-05-18 18:47:36,NVDA,SELL,56,621.08,34780.48,0.00,-0.8288
2025-05-18 18:47:36,NVDA,SELL,56,621.08,34780.48,0.00,-0.8288
2025-05-18 18:47:36,NVDA,SELL,56,621.08,34780.48,0.00,-0.8288
2025-05-18 18:47:36,NVDA,SELL,56,621.08,34780.48,0.00,-0.8288
2025-05-18 18:47:36,NVDA,SELL,56,621.08,34780.48,0.00,-0.8288
2025-05-18 18:47:36,NVDA,SELL,56,621.08,34780.48,0.00,-0.8288
2025-05-18 18:47:36,NVDA,SELL,56,621.08,34780.48,0.00,-0.8288
2025-05-18 18:47:36,NVDA,SELL,56,621.08,34780.48,0.00,-0.8288
2025-05-18 18:47:36,AMD,BUY,4576,86.34,395091.84,,-0.8288
2025-05-18 18:47:36,NVDA,SELL,56,621.08,34780.48,0.00,-0.8288
2025-05-18 18:47:36,AMD,SELL,4576,86.36,395183.36,91.52,-0.8288
2025-05-18 18:47:36,NVDA,BUY,636,621.08,395006.88,,-0.8288
2025-05-18 18:47:36,NVDA,SELL,56,621.08,34780.48,0.00,-0.8288
2025-05-18 18:47:36,NVDA,SELL,56,621.08,34780.48,0.00,-0.8288
2025-05-18 18:47:36,NVDA,SELL,56,621.08,34780.48,0.00,-0.8288
2025-05-18 18:47:36,NVDA,SELL,56,621.08,34780.48,0.00,-0.8288
2025-05-18 18:47:36,NVDA,SELL,56,621.08,34780.48,0.00,-0.8288
2025-05-18 18:47:36,NVDA,SELL,56,621.08,34780.48,0.00,-0.8288
2025-05-18 18:47:36,NVDA,SELL,56,621.08,34780.48,0.00,-0.8288
2025-05-18 18:47:36,NVDA,SELL,56,621.08,34780.48,0.00,-0.8288
2025-05-18 18:47:36,NVDA,SELL,56,621.08,34780.48,0.00,-0.8288
2025-05-18 18:47:36,NVDA,SELL,56,621.08,34780.48,0.00,-0.8288
2025-05-18 18:47:36,AMD,BUY,4282,86.52,370478.64,,-0.8288
2025-05-18 18:47:36,NVDA,SELL,56,621.08,34780.48,0.00,-0.8288
2025-05-18 18:47:36,AMD,SELL,4282,86.53,370521.46,42.82,-0.8288
2025-05-18 18:47:36,NVDA,BUY,596,621.08,370163.68,,-0.8288
2025-05-18 18:47:36,NVDA,SELL,56,621.08,34780.48,0.00,-0.8288
2025-05-18 18:47:36,NVDA,SELL,56,621.08,34780.48,0.00,-0.8288
2025-05-18 18:47:36,NVDA,SELL,56,621.08,34780.48,0.00,-0.8288
2025-05-18 18:47:36,NVDA,SELL,56,621.08,34780.48,0.00,-0.8288
2025-05-18 18:47:36,NVDA,SELL,56,621.08,34780.48,0.00,-0.8288
2025-05-18 18:47:36,NVDA,SELL,56,621.08,34780.48,0.00,-0.8288
2025-05-18 18:47:36,NVDA,SELL,56,621.08,34780.48,0.00,-0.8288
2025-05-18 18:47:36,NVDA,SELL,56,621.08,34780.48,0.00,-0.8288
2025-05-18 18:47:36,NVDA,SELL,56,621.08,34780.48,0.00,-0.8288
2025-05-18 18:47:36,NVDA,BUY,596,621.08,370163.68,,-0.8288
2025-05-18 18:47:36,NVDA,SELL,56,621.08,34780.48,0.00,-0.8288
2025-05-18 18:47:36,NVDA,SELL,56,621.08,34780.48,0.00,-0.8288
2025-05-18 18:47:36,NVDA,SELL,56,621.08,34780.48,0.00,-0.8288
2025-05-18 18:47:36,NVDA,SELL,56,621.08,34780.48,0.00,-0.8288
2025-05-18 18:47:36,NVDA,SELL,56,621.08,34780.48,0.00,-0.8288
2025-05-18 18:47:36,NVDA,SELL,56,621.08,34780.48,0.00,-0.8288
2025-05-18 18:47:36,NVDA,SELL,56,621.08,34780.48,0.00,-0.8288
2025-05-18 18:47:36,NVDA,SELL,56,621.08,34780.48,0.00,-0.8288
2025-05-18 18:47:36,NVDA,SELL,56,621.08,34780.48,0.00,-0.8288
2025-05-18 18:47:36,NVDA,SELL,56,621.08,34780.48,0.00,-0.8288
2025-05-18 18:47:36,NVDA,SELL,56,621.08,34780.48,0.00,-0.8288
2025-05-18 18:47:36,NVDA,BUY,585,621.08,363331.80,,-0.8288
2025-05-18 18:47:36,NVDA,SELL,56,621.08,34780.48,0.00,-0.8288
2025-05-18 18:47:36,NVDA,SELL,56,621.08,34780.48,0.00,-0.8288
2025-05-18 18:47:36,NVDA,SELL,56,621.08,34780.48,0.00,-0.8288
2025-05-18 18:47:36,NVDA,SELL,56,621.08,34780.48,0.00,-0.8288
2025-05-18 18:47:36,NVDA,SELL,56,621.08,34780.48,0.00,-0.8288
2025-05-18 18:47:36,NVDA,SELL,56,621.08,34780.48,0.00,-0.8288
2025-05-18 18:47:36,NVDA,SELL,56,621.08,34780.48,0.00,-0.8288
2025-05-18 18:47:36,NVDA,SELL,56,621.08,34780.48,0.00,-0.8288
2025-05-18 18:47:36,NVDA,SELL,56,621.08,34780.48,0.00,-0.8288
2025-05-18 18:47:36,NVDA,SELL,56,621.08,34780.48,0.00,-0.8288
2025-05-18 18:47:36,NVDA,BUY,568,621.08,352773.44,,-0.8288
2025-05-18 18:47:36,NVDA,SELL,56,621.08,34780.48,0.00,-0.8288
2025-05-18 18:47:36,NVDA,SELL,56,621.08,34780.48,0.00,-0.8288
2025-05-18 18:47:36,NVDA,SELL,56,621.08,34780.48,0.00,-0.8288
2025-05-18 18:47:36,NVDA,SELL,56,621.08,34780.48,0.00,-0.8288
2025-05-18 18:47:36,NVDA,SELL,56,621.08,34780.48,0.00,-0.8288
2025-05-18 18:47:36,NVDA,SELL,56,621.08,34780.48,0.00,-0.8288
2025-05-18 18:47:36,NVDA,SELL,56,621.08,34780.48,0.00,-0.8288
2025-05-18 18:47:36,NVDA,SELL,56,621.08,34780.48,0.00,-0.8288
2025-05-18 18:47:36,NVDA,SELL,56,621.08,34780.48,0.00,-0.8288
2025-05-18 18:47:36,NVDA,SELL,56,621.08,34780.48,0.00,-0.8288
2025-05-18 18:47:36,AMD,BUY,4070,86.69,352828.30,,-0.8288
2025-05-18 18:47:36,NVDA,SELL,56,621.08,34780.48,0.00,-0.8288
2025-05-18 18:47:36,AMD,SELL,4070,86.70,352869.00,40.70,-0.8288
2025-05-18 18:47:36,NVDA,BUY,568,621.08,352773.44,,-0.8288
2025-05-18 18:47:36,NVDA,SELL,56,621.08,34780.48,0.00,-0.8288
2025-05-18 18:47:36,NVDA,SELL,56,621.08,34780.48,0.00,-0.8288
2025-05-18 18:47:36,NVDA,SELL,112,621.08,69560.96,0.00,-0.8288
2025-05-18 18:47:36,NVDA,SELL,112,621.08,69560.96,0.00,-0.8288
2025-05-18 18:47:36,NVDA,SELL,112,621.08,69560.96,0.00,-0.8288
2025-05-18 18:47:36,NVDA,SELL,56,621.08,34780.48,0.00,-0.8288
2025-05-18 18:47:36,NVDA,BUY,551,621.08,342215.08,,-0.8288
2025-05-18 18:47:36,NVDA,SELL,56,621.08,34780.48,0.00,-0.8288
2025-05-18 18:47:36,NVDA,SELL,56,621.08,34780.48,0.00,-0.8288
2025-05-18 18:47:36,NVDA,SELL,56,621.08,34780.48,0.00,-0.8288
2025-05-18 18:47:36,NVDA,SELL,56,621.08,34780.48,0.00,-0.8288
2025-05-18 18:47:36,NVDA,SELL,56,621.08,34780.48,0.00,-0.8288
2025-05-18 18:47:36,NVDA,SELL,56,621.08,34780.48,0.00,-0.8288
2025-05-18 18:47:36,NVDA,SELL,56,621.08,34780.48,0.00,-0.8288
2025-05-18 18:47:36,NVDA,SELL,56,621.08,34780.48,0.00,-0.8288

Summary
Initial Balance:,5000000.00
Final Balance:,5058622.81
P&L:,58622.81
